No,Ticker,MarketCap,PE,FwdPE,PEG,PS,PB,PC,PFCF,EPSthisY,EPSnextY,EPSpast5Y,EPSnext5Y,Salespast5Y,Price,Change,Volume
1,A,38.81B,31.55,21.7,3.92,5.76,6.27,22.2,23.54,1.13%,10.94%,33.93%,8.05%,7.00%,132.44,-1.57%,"1,936,563"
12,AAON,7.00B,39.98,30.76,3.33,5.99,9.45,775.85,129.12,4.17%,20.93%,31.82%,12.00%,23.88%,85.24,-1.23%,"395,662"
13,AAP,4.60B,104.27,17.46,1.65,0.41,1.82,9.14,102.36,671.35%,14.64%,-38.63%,63.30%,3.37%,77.2,4.25%,"2,123,063"
14,AAPL,2579.41B,25.99,23.46,2.36,6.69,34.85,35.29,24.14,7.09%,8.48%,15.55%,11.00%,8.34%,167.04,-0.57%,"42,517,557"
18,ABBV,291.56B,60.53,13.56,9.64,5.37,28.07,22.75,13.24,0.27%,9.02%,-5.77%,6.28%,11.76%,164.66,0.25%,"4,480,015"
24,ABM,2.77B,11.2,12.09,3.07,0.34,1.52,47.79,10.59,-2.78%,6.52%,20.81%,3.65%,5.22%,43.8,0.37%,"489,597"
27,ABR,2.35B,7.11,7.31,0.89,1.45,0.95,1.53,9.36,-26.05%,2.65%,3.18%,8.00%,26.80%,12.48,2.72%,"4,454,242"
29,ABT,182.66B,32.76,20.5,4.2,4.53,4.73,25.09,36.11,4.21%,10.99%,19.65%,7.80%,6.10%,105.27,-0.59%,"7,295,846"
33,ACA,3.68B,23.3,19.31,5.68,1.59,1.58,35.11,64.0,2.85%,18.12%,16.04%,4.10%,9.72%,75.78,-1.42%,"320,198"
46,ACIW,3.35B,28.37,18.5,2.36,2.31,2.57,20.42,21.01,26.84%,19.91%,13.76%,12.00%,7.85%,31.51,0.06%,"531,732"
47,ACLS,3.21B,13.23,11.67,0.66,2.84,3.71,6.33,23.54,-7.86%,22.97%,40.64%,20.00%,23.45%,98.25,-3.41%,"622,060"
49,ACM,12.68B,208.78,18.36,12.77,0.85,5.64,10.64,21.37,20.81%,13.33%,-14.03%,16.35%,-5.32%,93.24,0.77%,"596,358"
55,ACR,105.86M,39.4,5.81,7.88,0.48,0.25,1.15,2.32,-8.33%,6.82%,-12.27%,5.00%,36.19%,13.66,0.00%,"14,614"
65,ADBE,211.98B,45.2,23.26,3.38,10.64,13.86,31.08,32.68,12.06%,12.99%,17.86%,13.36%,16.75%,473.18,-0.27%,"2,388,946"
66,ADC,5.62B,32.84,30.29,16.34,10.45,1.12,386.93,14.48,6.47%,1.84%,-0.98%,2.01%,31.51%,55.83,1.18%,"773,181"
75,ADP,99.41B,28.16,24.2,2.58,5.35,23.01,59.68,26.56,10.79%,9.67%,14.07%,10.93%,6.25%,241.99,-0.37%,"1,432,607"
79,ADT,5.63B,13.41,7.84,3.44,0.99,1.5,43.29,6.61,27.94%,20.80%,25.80%,3.90%,1.84%,6.18,0.00%,"2,513,373"
83,ADUS,1.58B,25.32,18.19,1.69,1.49,2.23,24.34,15.34,6.16%,9.83%,23.63%,15.00%,15.56%,97.16,0.56%,"116,377"
89,AEHR,312.81M,20.89,20.46,1.04,4.35,3.62,6.57,69.36,-18.51%,9.99%,90.24%,20.00%,37.12%,10.82,-2.96%,"919,736"
91,AEIS,3.39B,26.72,15.74,5.68,2.05,2.96,3.24,22.91,-29.23%,67.08%,-1.88%,4.70%,21.70%,90.81,-1.75%,"198,089"
95,AEO,4.41B,25.96,11.61,2.45,0.84,2.53,9.72,10.86,13.47%,11.55%,-10.10%,10.60%,6.47%,22.34,-0.13%,"4,194,651"
110,AGCO,8.71B,7.47,9.33,9.57,0.6,1.87,14.63,14.89,-17.35%,-2.64%,34.28%,0.78%,9.42%,116.73,0.42%,"552,608"
115,AGM,1.96B,11.41,9.81,1.04,2.74,2.11,2.2,5.21,8.90%,7.84%,12.34%,11.00%,9.41%,180.36,0.25%,"38,266"
120,AGX,807.51M,25.53,13.66,2.55,1.41,2.78,2.63,7.08,56.07%,19.71%,-6.35%,10.00%,11.78%,60.99,1.57%,"97,942"
133,AIN,2.74B,24.72,18.66,2.5,2.39,2.85,15.82,43.12,-2.67%,19.09%,6.72%,9.90%,3.64%,87.83,-0.14%,"187,960"
145,AIT,7.11B,19.3,18.23,1.61,1.59,4.43,17.23,17.81,9.11%,5.73%,19.62%,12.00%,7.94%,183.99,-0.22%,"221,618"
149,AJG,50.73B,52.72,20.66,4.97,5.11,4.71,52.01,27.6,15.53%,11.92%,5.38%,10.60%,8.21%,233.99,1.51%,"969,885"
152,AKAM,15.26B,28.59,13.72,4.33,4.0,3.31,17.66,24.68,8.59%,9.08%,14.90%,6.60%,7.05%,100.73,0.39%,"1,388,081"
155,AKR,1.73B,84.38,77.88,28.13,4.88,0.98,68.21,20.01,29.26%,-1.81%,-12.19%,3.00%,6.55%,16.75,0.66%,"972,795"
169,ALE,3.37B,13.6,14.08,1.68,1.79,1.2,43.81,10.74,-10.74%,8.22%,4.95%,8.10%,5.75%,58.49,1.07%,"265,476"
172,ALG,2.47B,18.04,15.3,2.73,1.46,2.61,47.54,26.43,6.76%,10.43%,12.70%,6.60%,10.93%,204.85,-0.85%,"58,430"
173,ALGM,5.10B,23.22,29.12,2.67,4.73,4.5,22.8,68.61,1.15%,-29.96%,21.27%,8.70%,9.34%,26.41,-2.83%,"1,521,153"
174,ALGN,22.63B,51.84,28.07,4.15,5.86,6.07,23.26,32.99,8.83%,14.57%,3.38%,12.50%,16.58%,301.34,0.40%,"416,955"
187,ALNT,487.13M,19.63,11.99,0.65,0.84,1.89,15.27,14.57,-7.83%,14.47%,5.50%,30.00%,13.60%,29.1,-0.34%,"64,297"
192,ALRM,3.21B,42.09,28.47,4.78,3.64,4.66,4.61,25.0,3.17%,5.74%,28.66%,8.80%,16.16%,64.3,0.08%,"196,581"
196,ALSN,6.92B,10.68,9.07,0.81,2.28,5.64,12.47,10.51,4.04%,13.65%,9.17%,13.19%,3.38%,79.39,-0.49%,"520,712"
207,AM,6.63B,17.96,14.18,1.71,5.96,3.08,94714.38,11.14,17.48%,7.75%,18.48%,10.50%,5.72%,13.82,1.25%,"2,047,317"
209,AMAT,161.46B,22.86,20.36,1.6,6.11,9.26,21.55,20.95,2.47%,15.71%,22.34%,14.25%,10.73%,194.32,-2.79%,"6,102,937"
215,AMD,250.63B,296.35,28.03,11.87,11.05,4.48,43.41,223.58,39.85%,49.27%,10.43%,24.96%,31.41%,155.08,0.69%,"52,504,046"
217,AME,40.99B,31.25,23.65,4.11,6.21,4.69,100.02,25.63,7.19%,9.58%,11.15%,7.60%,6.96%,177.27,-0.44%,"629,044"
219,AMG,5.13B,9.12,6.34,0.77,2.34,1.46,4.03,6.02,14.08%,12.23%,30.93%,11.77%,-2.05%,158.19,-0.45%,"258,717"
220,AMGN,140.81B,21.05,12.44,4.01,5.03,22.57,12.87,19.13,4.66%,8.17%,-0.22%,5.25%,3.42%,262.75,-0.50%,"2,082,241"
221,AMH,12.83B,34.75,53.22,5.19,7.81,1.83,57.81,20.95,-40.42%,9.36%,66.18%,6.70%,8.97%,35.03,1.07%,"2,623,061"
223,AMK,2.57B,20.89,12.18,0.65,3.62,2.02,10.24,14.94,15.22%,6.87%,26.19%,32.26%,14.44%,34.5,-0.40%,"294,355"
226,AMN,2.13B,10.65,12.29,0.55,0.56,2.56,38.79,7.95,-52.98%,18.69%,12.95%,19.35%,16.41%,56.3,-0.16%,"525,963"
227,AMP,41.34B,17.4,10.93,0.99,2.56,8.74,5.47,6.99,17.60%,8.51%,10.79%,17.60%,4.72%,412.63,0.21%,"357,644"
234,AMPY,268.16M,0.7,8.58,0.05,0.87,0.68,12.92,2.43,-90.68%,-12.29%,38.20%,15.00%,15.63%,6.77,-0.59%,"383,213"
243,AMSWA,351.14M,35.9,27.54,2.24,3.18,2.68,4.48,22.65,3.68%,-17.73%,-5.18%,16.00%,2.12%,10.57,-0.19%,"349,398"
244,AMT,79.85B,53.84,23.3,11.53,7.17,18.99,38.14,27.31,128.93%,0.82%,2.77%,4.67%,8.57%,171.0,-0.59%,"2,272,231"
247,AMWD,1.43B,12.43,9.9,0.39,0.76,1.59,14.6,7.38,12.91%,5.81%,8.30%,32.24%,11.06%,90.1,-1.41%,"158,059"
249,AMZN,1863.39B,62.02,33.33,2.03,3.24,9.22,21.35,57.84,44.01%,28.77%,23.55%,30.50%,20.20%,179.22,-1.14%,"30,600,724"
252,ANDE,1.91B,19.15,14.52,2.39,0.13,1.49,2.96,2.4,0.85%,31.03%,15.08%,8.00%,49.18%,56.4,-0.49%,"140,968"
254,ANET,80.41B,39.09,29.96,2.02,13.72,11.12,16.06,40.21,7.95%,14.59%,45.36%,19.40%,23.55%,257.19,-0.80%,"1,951,371"
255,ANF,5.58B,17.57,13.51,0.98,1.3,5.33,6.19,11.26,23.33%,4.46%,41.99%,18.00%,4.27%,109.32,-3.67%,"1,599,380"
259,ANIP,1.36B,69.67,12.8,31.67,2.78,3.06,6.13,12.31,-5.10%,12.84%,-6.27%,2.20%,21.46%,64.58,-1.37%,"184,175"
264,ANSS,28.33B,56.71,30.75,6.2,12.48,5.23,32.93,40.95,8.80%,10.23%,3.25%,9.15%,11.95%,324.5,-0.34%,"208,542"
272,AOS,12.76B,23.52,19.97,2.35,3.31,6.93,35.11,21.35,6.96%,6.53%,7.40%,10.00%,4.31%,86.69,0.27%,"1,199,460"
277,APAM,2.91B,13.6,11.42,0.59,2.76,8.92,16.3,7.88,19.46%,6.95%,2.33%,23.00%,6.49%,42.16,-0.07%,"412,626"
284,APH,66.70B,35.69,29.49,3.8,5.31,7.96,40.18,30.94,10.32%,13.24%,10.05%,9.40%,9.37%,110.88,-0.55%,"2,874,256"
291,APOG,1.32B,13.28,11.4,0.89,0.93,2.9,35.51,8.21,0.00%,10.06%,22.62%,15.00%,0.48%,59.84,7.01%,"282,007"
292,APP,23.55B,68.7,21.98,3.44,7.17,18.63,46.9,22.27,156.65%,24.56%,46.35%,20.00%,38.82%,68.86,-2.88%,"3,700,927"
293,APPF,7.60B,7130.54,43.64,285.22,12.25,25.63,35.89,148.3,99.06%,43.04%,-33.29%,25.00%,26.90%,212.49,-1.95%,"244,115"
305,ARC,116.13M,14.29,8.41,1.43,0.41,0.75,2.07,4.5,-3.70%,23.08%,-0.78%,10.00%,-6.29%,2.69,1.51%,"46,766"
306,ARCB,3.20B,26.63,10.69,2.35,0.72,2.58,9.7,35.51,27.88%,26.48%,33.81%,11.31%,8.95%,136.24,-2.69%,"350,401"
309,ARCO,2.27B,12.59,10.49,0.3,0.52,5.13,9.19,232.48,5.15%,13.48%,37.69%,42.56%,10.58%,10.76,1.13%,"848,041"
316,ARES,25.27B,53.74,21.3,2.03,6.36,13.15,16.87,22.46,25.80%,33.63%,52.32%,26.50%,47.97%,130.7,-0.76%,"694,102"
317,ARHS,1.97B,15.69,15.88,2.06,1.53,5.78,8.7,26.17,-18.22%,20.03%,81.22%,7.60%,29.66%,14.03,-3.24%,"1,008,728"
318,ARI,1.49B,35.84,8.92,512.05,1.92,0.67,6.63,7.43,19.16%,-9.15%,-27.62%,0.07%,16.92%,10.52,0.86%,"559,568"
325,ARMK,8.19B,13.06,16.13,0.66,0.44,2.88,20.1,33.82,-9.52%,25.75%,2.75%,19.79%,5.31%,31.2,0.13%,"1,935,577"
342,ASGN,4.44B,21.23,14.98,3.48,1.0,2.36,25.26,10.65,-7.99%,13.86%,8.66%,6.10%,6.11%,95.55,0.87%,"276,096"
343,ASH,4.78B,30.93,16.74,1.42,2.24,1.57,9.25,14.03,9.42%,29.07%,13.52%,21.77%,-2.65%,95.49,1.70%,"499,328"
344,ASIX,716.63M,14.09,6.63,1.41,0.47,0.97,24.07,70.46,-42.83%,231.06%,-1.82%,10.00%,2.94%,26.84,0.56%,"92,149"
348,ASO,4.20B,8.4,7.43,0.6,0.68,2.15,12.08,12.81,-2.18%,11.73%,95.10%,14.00%,5.71%,56.48,-2.03%,"1,715,932"
356,ASTH,1.78B,28.72,19.45,2.68,1.28,2.83,6.01,44.83,24.20%,19.01%,35.25%,10.70%,22.41%,37.09,-0.86%,"194,992"
369,ATGE,1.81B,16.81,8.94,1.12,1.21,1.33,9.07,9.2,10.43%,11.03%,31.53%,15.00%,5.87%,46.14,0.33%,"244,270"
376,ATLC,357.94M,5.78,3.88,0.29,0.31,0.91,0.93,0.79,13.92%,30.69%,49.85%,20.00%,41.24%,24.5,-4.11%,"26,462"
383,ATO,17.28B,18.19,16.27,2.43,4.38,1.53,60.54,23.48,8.26%,6.64%,2.36%,7.50%,7.24%,114.57,0.01%,"563,690"
386,ATR,9.20B,32.74,24.21,4.68,2.64,3.97,41.07,35.01,9.25%,10.03%,7.22%,7.00%,4.79%,139.11,0.51%,"241,874"
412,AVGO,583.44B,46.67,21.75,3.24,15.01,8.29,49.18,31.72,11.82%,22.51%,2.37%,14.40%,11.57%,1258.99,-1.84%,"2,448,869"
417,AVNT,3.86B,51.41,14.26,22.45,1.23,1.67,7.08,48.34,7.73%,16.80%,-16.13%,2.29%,1.97%,42.36,0.55%,"851,069"
418,AVNW,410.39M,25.89,7.87,2.16,1.15,1.61,8.94,54.07,3.13%,22.14%,42.86%,12.00%,7.64%,32.7,-1.51%,"78,190"
427,AVY,16.86B,33.76,19.85,4.32,2.02,7.92,67.4,30.06,18.35%,12.82%,3.29%,7.82%,3.60%,209.35,0.21%,"312,748"
441,AXON,22.46B,129.0,52.13,7.46,14.36,13.9,16.98,173.23,6.52%,29.46%,35.57%,17.30%,30.13%,297.59,-0.74%,"529,514"
442,AXP,157.44B,19.39,14.74,1.32,2.34,5.6,3.38,9.27,14.58%,14.92%,7.25%,14.67%,10.54%,217.5,-0.08%,"3,892,410"
445,AXTA,7.00B,26.39,14.76,1.68,1.35,4.05,9.96,16.64,20.95%,13.47%,7.16%,15.70%,2.75%,31.81,0.09%,"1,537,015"
447,AYI,7.60B,20.65,15.08,1.62,1.97,3.55,13.13,15.08,9.53%,6.37%,4.76%,12.78%,1.76%,246.86,-0.75%,"244,393"
450,AZEK,6.60B,57.0,33.92,5.14,4.74,4.86,24.04,25.02,55.37%,16.14%,58.38%,11.10%,15.38%,45.29,-0.77%,"1,051,313"
456,B,1.83B,116.05,16.93,11.61,1.26,1.34,20.36,32.27,3.25%,25.11%,-36.99%,10.00%,0.45%,36.08,8.06%,"481,602"
463,BAH,18.10B,45.02,23.8,3.57,1.75,16.69,30.08,65.36,18.48%,8.49%,0.02%,12.60%,8.44%,139.51,-0.53%,"436,829"
464,BALL,20.26B,28.86,18.81,2.35,1.45,5.39,28.53,24.77,3.56%,13.93%,11.57%,12.30%,4.16%,64.35,0.64%,"1,455,790"
482,BBSI,797.34M,16.33,14.13,1.09,0.75,4.01,3.19,14.39,3.59%,12.17%,8.22%,15.00%,2.78%,121.36,0.65%,"38,801"
487,BC,5.57B,13.79,9.49,0.92,0.87,2.68,11.62,12.55,-16.10%,17.19%,14.67%,15.00%,10.10%,82.08,-0.89%,"594,075"
499,BCPC,4.62B,42.79,29.85,1.78,5.01,4.38,71.66,31.66,6.75%,12.30%,6.67%,24.00%,7.74%,143.12,-0.47%,"124,973"
501,BCSF,1.01B,8.2,7.97,1.53,3.99,0.89,8.99,8.04,-4.58%,-5.89%,22.91%,5.35%,29.39%,15.67,0.13%,"188,369"
502,BDC,3.32B,14.45,11.2,1.42,1.32,2.88,5.57,16.38,-15.61%,26.58%,12.99%,10.16%,3.80%,81.74,-0.72%,"171,457"
507,BDX,67.36B,55.14,16.25,6.38,3.46,2.66,54.5,25.44,6.09%,10.77%,52.43%,8.65%,4.18%,233.15,0.40%,"891,562"
515,BEN,13.17B,13.2,8.6,1.53,1.66,1.03,3.4,13.37,-2.26%,14.49%,4.38%,8.63%,6.86%,25.02,0.85%,"4,018,942"
518,BERY,6.53B,12.12,6.75,1.28,0.52,1.96,12.87,6.65,1.31%,10.94%,6.18%,9.50%,11.00%,56.32,0.68%,"907,064"
521,BF-B,23.14B,24.31,24.74,3.08,5.45,7.13,38.64,61.39,20.25%,0.99%,1.94%,7.90%,5.23%,48.98,-0.33%,"1,827,770"
523,BFAM,6.01B,81.2,26.27,5.49,2.49,4.95,54.99,36.41,8.62%,27.99%,-13.65%,14.78%,6.49%,103.72,0.27%,"229,984"
531,BFS,850.09M,20.55,32.23,2.7,3.3,5.23,101.08,7.22,-19.65%,-20.86%,1.47%,7.60%,2.49%,35.45,0.88%,"37,688"
534,BGC,3.73B,106.63,7.64,5.21,1.84,4.27,5.55,10.64,10.98%,8.79%,-35.27%,20.48%,1.15%,7.56,0.53%,"2,495,697"
542,BHE,1.07B,16.62,12.23,0.76,0.38,0.99,3.77,10.6,-7.53%,29.38%,29.60%,22.00%,3.02%,29.86,-0.60%,"272,289"
563,BJ,9.65B,18.72,16.82,2.34,0.48,6.6,267.65,38.32,-0.99%,10.04%,29.84%,8.00%,9.13%,72.57,-3.60%,"4,169,503"
568,BKE,1.86B,8.34,8.95,1.04,1.48,4.48,6.41,8.57,-11.50%,5.19%,17.49%,8.00%,8.62%,36.68,0.38%,"262,682"
569,BKH,3.58B,13.4,12.74,19.14,1.54,1.11,38.52,9.21,-0.06%,5.37%,-3.45%,0.70%,6.77%,52.46,1.41%,"396,012"
573,BKR,32.23B,16.83,12.52,0.56,1.26,2.09,8.74,17.53,27.85%,25.71%,33.59%,30.20%,2.77%,32.2,0.56%,"5,714,138"
580,BLBD,1.08B,17.79,13.69,0.41,0.89,14.32,14.0,11.62,119.44%,4.56%,-6.09%,43.55%,4.41%,33.62,-1.75%,"507,234"
582,BLD,12.40B,20.16,17.09,2.26,2.39,4.83,14.61,15.79,7.62%,7.45%,38.57%,8.90%,17.86%,389.81,0.28%,"354,143"
589,BLK,111.30B,18.99,16.1,1.56,5.8,2.82,12.74,29.33,9.35%,12.36%,6.55%,12.14%,6.20%,747.3,-0.86%,"614,721"
590,BLKB,4.10B,3320.78,16.18,338.86,3.71,5.09,131.28,21.04,6.48%,11.85%,-48.47%,9.80%,5.53%,76.71,-1.04%,"217,612"
591,BLMN,2.35B,10.67,9.63,4.44,0.5,5.75,20.58,11.31,-12.73%,9.80%,17.64%,2.40%,3.97%,27.03,0.45%,"1,099,941"
600,BMI,5.24B,51.38,40.98,4.19,7.07,10.14,26.28,50.76,22.27%,13.44%,26.98%,12.27%,10.64%,178.48,16.65%,"696,395"
621,BOOM,327.72M,15.36,6.9,0.77,0.46,0.8,7.51,6.56,-5.89%,40.90%,-11.92%,20.00%,30.87%,16.56,-0.72%,"175,317"
622,BOOT,2.99B,18.35,19.25,6.8,1.75,3.28,27.88,27.28,-14.79%,7.95%,39.87%,2.70%,23.11%,98.61,-2.41%,"730,812"
633,BR,22.73B,33.62,22.49,2.85,3.6,10.99,81.84,22.88,10.92%,10.36%,8.32%,11.80%,6.65%,192.98,-0.24%,"391,863"
637,BRC,2.84B,15.39,13.51,2.2,2.13,2.74,19.77,15.96,11.26%,7.57%,15.13%,7.00%,2.79%,58.84,0.94%,"219,791"
644,BRK-B,862.37B,9.04,20.91,0.39,2.37,1.54,5.14,28.95,5.58%,5.45%,93.53%,23.30%,8.34%,399.89,0.54%,"2,667,526"
647,BRKR,10.82B,26.99,23.17,1.91,3.65,8.28,22.15,44.47,5.09%,25.06%,20.48%,14.15%,9.74%,78.56,-5.28%,"2,217,725"
650,BRO,23.19B,26.57,20.91,2.83,5.45,4.14,10.02,24.65,27.06%,8.69%,20.15%,9.40%,16.22%,81.13,0.63%,"1,330,641"
657,BRY,632.78M,17.97,8.47,1.2,0.64,0.83,131.01,5.38,72.53%,11.28%,-10.69%,15.00%,14.81%,8.29,-0.36%,"489,266"
663,BSIG,867.37M,14.66,9.38,0.61,2.0,23.36,5.88,14.31,14.61%,18.63%,4.14%,24.20%,-11.76%,22.7,1.29%,"179,900"
664,BSM,3.23B,8.43,10.04,1.28,5.45,3.51,45.95,6.44,-12.30%,6.77%,7.10%,6.60%,-0.60%,15.36,-2.29%,"1,340,274"
667,BSX,99.10B,62.99,26.4,5.13,6.96,5.12,99.6,55.3,10.12%,13.12%,-2.05%,12.28%,8.10%,67.42,-0.79%,"5,946,614"
668,BSY,15.48B,51.95,45.7,64.93,12.6,17.46,226.27,39.52,6.11%,17.99%,13.02%,0.80%,12.27%,52.06,3.89%,"11,920,867"
681,BURL,11.46B,34.11,19.82,1.47,1.18,11.5,12.38,32.61,21.44%,22.91%,-2.83%,23.16%,11.04%,179.29,-0.34%,"604,469"
688,BWA,7.42B,12.04,7.37,1.04,0.47,1.27,4.83,15.55,4.08%,11.56%,-9.71%,11.57%,8.00%,32.11,0.78%,"2,027,333"
694,BWXT,8.54B,34.94,27.33,14.03,3.42,9.17,108.57,40.18,4.01%,8.91%,3.35%,2.49%,6.86%,93.48,0.61%,"635,081"
695,BX,145.81B,42.5,19.8,1.88,14.01,21.05,54.57,82.5,23.40%,24.67%,-4.02%,22.59%,16.25%,120.32,-2.33%,"5,701,547"
697,BXMT,3.18B,13.0,7.92,5.99,1.58,0.73,9.1,6.94,-31.90%,11.40%,-10.62%,2.17%,24.41%,18.33,0.55%,"1,678,156"
701,BYD,6.04B,10.34,9.3,4.54,1.62,3.57,19.58,11.18,-0.07%,7.32%,43.74%,2.27%,11.49%,62.93,-1.19%,"733,804"
711,CABO,2.24B,8.82,9.74,1.1,1.33,1.19,11.76,7.66,-4.64%,-4.96%,9.42%,8.00%,9.63%,398.3,1.19%,"333,872"
713,CACC,6.60B,24.35,11.2,1.1,3.47,3.83,13.81,5.5,-2.73%,19.64%,-5.63%,22.08%,8.32%,536.4,0.72%,"33,094"
714,CACI,8.11B,22.05,16.01,3.29,1.14,2.51,62.98,31.78,7.94%,11.88%,6.61%,6.70%,8.53%,364.06,0.43%,"118,369"
717,CAG,14.51B,15.3,11.19,20.96,1.2,1.59,184.89,10.23,-5.07%,3.20%,-6.45%,0.73%,9.36%,30.36,0.40%,"3,370,405"
719,CAKE,1.73B,16.41,9.8,0.87,0.5,5.38,30.7,25.86,13.97%,12.56%,-0.73%,18.80%,10.18%,33.81,0.99%,"555,812"
726,CAPL,848.85M,21.27,22.81,10.63,0.19,282.3,170.11,10.3,-9.52%,3.16%,57.99%,2.00%,18.02%,22.35,0.72%,"10,893"
731,CARG,2.31B,81.68,13.95,5.11,2.53,3.78,7.36,27.78,6.13%,18.30%,-13.88%,16.00%,25.01%,21.54,1.51%,"594,677"
733,CARR,48.05B,33.77,17.35,3.67,2.17,5.17,4.8,22.47,3.45%,8.95%,-12.91%,9.20%,3.51%,53.38,-1.60%,"3,076,794"
734,CARS,1.06B,9.34,6.88,0.48,1.54,2.17,27.11,7.85,-45.02%,9.98%,25.84%,19.60%,1.21%,16.17,0.06%,"244,318"
739,CASY,11.45B,24.59,22.21,2.39,0.78,3.89,64.39,33.2,11.09%,8.09%,7.38%,10.31%,15.75%,309.4,0.07%,"328,328"
740,CAT,178.74B,17.77,15.89,1.4,2.67,9.17,25.62,18.25,0.41%,5.76%,14.42%,12.66%,5.49%,357.93,-0.11%,"1,920,244"
751,CBOE,18.76B,24.87,19.81,2.94,4.97,4.7,32.96,25.07,8.23%,6.15%,13.65%,8.46%,7.60%,177.51,0.31%,"692,427"
752,CBRE,26.03B,26.87,14.96,2.44,0.81,3.14,18.98,113.66,16.67%,27.04%,0.36%,11.00%,8.58%,85.14,0.00%,"1,522,526"
754,CBRL,1.25B,15.05,11.14,1.46,0.37,2.71,99.34,15.27,-15.98%,10.08%,-15.43%,10.34%,3.30%,56.38,0.91%,"771,966"
759,CBZ,3.71B,31.09,24.02,2.07,2.33,4.67,96.55,28.46,13.95%,13.46%,17.03%,15.00%,11.92%,74.22,0.72%,"255,306"
768,CCK,9.29B,20.45,11.25,2.31,0.77,3.85,6.64,12.76,3.14%,13.16%,2.78%,8.85%,2.55%,76.92,0.64%,"592,549"
776,CCS,2.50B,9.79,6.9,1.08,0.68,1.05,7.63,57.19,23.58%,14.22%,20.47%,9.06%,12.93%,78.78,-0.66%,"244,592"
785,CDNS,77.94B,74.89,41.06,4.39,19.06,22.82,68.45,62.51,15.20%,17.37%,25.42%,17.05%,13.90%,285.9,-2.66%,"2,700,206"
790,CDW,31.64B,29.08,20.45,3.68,1.48,15.47,53.74,21.81,6.01%,10.05%,14.12%,7.90%,6.05%,235.7,-0.46%,"411,104"
794,CE,17.25B,8.63,11.07,0.4,1.58,2.37,9.56,12.96,27.39%,22.90%,14.99%,21.47%,11.04%,154.62,0.08%,"407,387"
805,CENT,2.52B,15.6,16.58,1.56,0.76,1.45,7.07,7.65,6.02%,10.21%,0.30%,10.00%,8.69%,39.27,-0.10%,"68,782"
806,CENTA,2.17B,16.82,14.3,2.85,0.65,1.25,6.1,6.6,6.02%,10.21%,0.30%,5.90%,8.69%,33.88,-0.26%,"175,984"
826,CGBD,849.29M,10.54,9.08,5.27,3.52,0.98,14.06,3.68,10.30%,-8.54%,20.30%,2.00%,3.10%,16.72,1.52%,"305,927"
828,CGNX,6.65B,59.3,32.54,19.96,7.94,4.41,20.02,74.0,16.11%,57.55%,-11.98%,2.97%,1.98%,38.69,-1.33%,"708,570"
834,CHD,25.17B,33.82,27.55,3.72,4.29,6.51,73.07,31.19,8.77%,8.66%,6.12%,9.10%,7.24%,103.2,-0.28%,"806,923"
836,CHE,9.04B,33.34,23.51,2.94,3.99,8.11,34.27,33.08,15.85%,8.07%,7.95%,11.35%,4.95%,597.42,-1.12%,"69,785"
837,CHEF,1.28B,40.64,19.65,1.92,0.37,2.81,25.59,303.23,1.67%,26.86%,4.60%,21.20%,23.63%,32.18,-0.92%,"341,191"
839,CHH,5.80B,23.12,16.88,2.54,3.76,162.88,216.9,32.18,6.83%,6.26%,5.94%,9.10%,11.10%,117.07,-0.22%,"547,927"
840,CHK,11.42B,5.19,11.0,0.19,1.95,1.06,6.38,20.73,-53.72%,249.33%,-10.38%,26.80%,6.23%,87.32,0.20%,"1,081,099"
849,CHTR,37.53B,8.66,7.36,0.83,0.69,3.4,52.93,11.31,11.47%,5.67%,41.86%,10.49%,4.61%,259.91,0.73%,"855,750"
850,CHUY,527.66M,17.38,14.33,1.16,1.14,2.11,7.79,25.78,-6.20%,14.91%,40.18%,15.00%,4.33%,30.43,0.36%,"85,412"
852,CHX,6.91B,23.06,14.99,1.1,1.84,4.14,23.93,17.35,10.33%,22.53%,5.66%,20.90%,29.04%,36.28,0.58%,"2,487,102"
864,CIVI,7.26B,8.05,5.14,0.54,2.09,1.09,6.45,9.95,27.93%,16.53%,2.01%,15.00%,121.75%,71.89,-1.40%,"1,127,960"
868,CL,71.38B,31.23,22.76,3.73,3.67,116.95,62.34,23.48,8.24%,8.98%,0.18%,8.38%,4.62%,86.71,-0.05%,"4,847,176"
870,CLB,796.15M,19.73,13.78,0.97,1.56,3.54,52.66,56.3,13.74%,35.46%,-15.27%,20.40%,-5.40%,16.99,1.80%,"434,716"
878,CLH,10.30B,27.48,21.36,0.92,1.9,4.58,18.69,32.98,6.59%,19.94%,42.93%,30.00%,11.41%,190.9,-0.46%,"159,866"
880,CLMB,299.56M,24.06,19.57,1.09,0.85,4.01,8.25,8.07,-6.71%,14.73%,28.28%,22.00%,14.25%,65.55,-2.08%,"10,586"
894,CLX,17.77B,225.05,22.37,17.13,2.43,335.25,50.06,24.41,9.05%,15.31%,-28.12%,13.14%,3.93%,143.2,0.60%,"760,003"
900,CMCO,1.17B,24.17,11.99,1.05,1.17,1.33,11.36,15.39,0.34%,15.00%,12.19%,23.00%,3.86%,40.67,1.02%,"165,605"
901,CMCSA,157.36B,10.69,8.63,1.18,1.29,1.91,25.32,9.68,6.94%,7.81%,7.96%,9.04%,5.43%,39.62,1.62%,"15,680,744"
903,CME,75.48B,23.66,21.37,6.84,13.53,2.82,24.92,22.35,2.12%,2.84%,9.19%,3.46%,5.00%,209.65,0.59%,"1,256,373"
904,CMG,80.29B,65.58,44.69,2.87,8.13,26.04,61.98,65.66,19.71%,21.16%,47.69%,22.84%,15.36%,2907.97,0.17%,"213,035"
905,CMI,41.34B,57.03,13.88,8.03,1.21,4.67,15.08,15.02,-6.25%,13.75%,-17.10%,7.10%,8.52%,291.42,0.02%,"764,453"
921,CNK,2.20B,14.66,11.35,1.47,0.72,7.11,2.59,7.47,-42.92%,108.72%,-6.07%,10.00%,26.07%,18.12,-0.06%,"1,857,554"
922,CNM,10.49B,25.59,19.49,2.22,1.57,7.21,10489.47,10.18,13.74%,14.52%,56.51%,11.53%,16.88%,54.59,-0.33%,"1,322,000"
923,CNMD,2.19B,34.85,12.65,1.37,1.76,2.62,90.06,20.58,25.63%,29.61%,7.64%,25.40%,8.21%,71.08,-2.31%,"620,019"
928,CNS,3.27B,25.72,20.25,13.54,6.77,8.52,14.04,24.39,1.67%,13.06%,1.62%,1.90%,6.54%,66.11,-1.14%,"282,728"
934,CNX,3.63B,2.62,11.86,0.06,2.41,0.84,8248.14,26.85,-25.54%,41.93%,19.28%,41.60%,16.15%,23.7,-0.63%,"2,073,770"
935,CNXC,3.61B,11.28,4.23,1.37,0.46,0.88,8.64,10.94,3.85%,8.86%,43.54%,8.25%,27.09%,54.75,-0.90%,"451,712"
936,CNXN,1.64B,19.72,16.17,2.46,0.57,1.95,5.51,8.69,8.20%,9.87%,5.55%,8.00%,1.45%,62.11,0.47%,"49,082"
955,COLM,4.52B,18.33,17.34,1.75,1.3,2.34,5.91,7.77,-10.18%,18.60%,1.44%,10.50%,5.45%,75.54,0.72%,"340,595"
960,COO,17.97B,62.06,22.88,5.52,4.9,2.33,132.82,132.13,10.80%,11.37%,15.98%,11.25%,7.68%,90.41,0.61%,"1,570,814"
965,COR,47.34B,25.84,16.11,2.58,0.17,51.92,15.93,13.04,12.30%,9.43%,2.53%,10.01%,9.35%,237.3,-0.55%,"1,443,266"
968,COST,315.44B,46.53,40.85,4.68,1.27,15.2,30.56,50.87,13.33%,8.51%,14.83%,9.95%,11.43%,711.25,-0.55%,"1,735,274"
972,CPAY,21.24B,22.39,13.08,1.68,5.65,6.46,6.76,10.91,14.61%,16.53%,8.43%,13.32%,9.65%,295.64,-0.21%,"330,889"
973,CPB,13.03B,17.09,13.6,2.98,1.41,3.38,77.1,21.12,1.71%,5.35%,26.96%,5.73%,7.52%,43.71,0.92%,"2,343,478"
978,CPK,2.28B,21.7,16.42,2.86,3.41,1.82,465.27,153.42,1.75%,15.51%,6.54%,7.60%,6.83%,102.51,1.75%,"101,311"
980,CPRT,51.15B,38.08,32.81,1.71,12.6,7.53,19.17,59.74,14.29%,12.59%,24.28%,22.30%,16.75%,53.2,-1.52%,"3,489,644"
989,CRAI,998.34M,26.61,21.47,2.66,1.6,4.69,21.9,17.3,8.68%,12.61%,15.58%,10.00%,8.41%,143.44,1.44%,"33,505"
993,CRC,3.69B,6.95,7.84,0.5,1.31,1.66,7.44,8.03,14.59%,16.42%,2.81%,14.00%,4.09%,53.69,-0.22%,"427,140"
995,CRD-A,484.42M,15.94,8.05,1.59,0.37,3.41,8.13,4.9,-3.86%,33.94%,5.83%,10.00%,3.51%,9.85,0.51%,"72,169"
996,CRD-B,485.41M,15.97,8.07,1.6,0.37,3.42,8.15,4.91,-3.86%,33.94%,5.83%,10.00%,3.51%,9.87,4.44%,"18,433"
1005,CRL,11.68B,24.71,18.29,2.69,2.83,3.25,41.35,31.98,3.35%,12.82%,14.84%,9.19%,12.89%,227.55,-1.10%,"707,854"
1006,CRM,263.76B,64.66,24.56,3.99,7.57,4.43,18.58,27.77,19.16%,13.04%,24.06%,16.22%,21.44%,271.92,-1.59%,"5,831,109"
1013,CRS,3.92B,27.58,16.59,1.21,1.44,2.66,249.82,38.27,244.52%,21.83%,-21.93%,22.87%,6.57%,79.38,2.08%,"902,683"
1016,CRUS,4.49B,26.52,13.38,22.1,2.51,2.49,8.69,17.44,-6.49%,3.61%,4.65%,1.20%,12.89%,83.25,-2.35%,"232,613"
1023,CSCO,194.81B,14.64,12.79,3.5,3.4,4.21,7.43,14.37,-5.39%,2.24%,173.71%,4.19%,3.06%,48.11,0.67%,"12,690,284"
1024,CSGP,34.38B,91.44,67.16,4.57,14.0,4.68,6.59,99.16,-51.08%,110.00%,7.09%,20.00%,15.58%,84.18,-1.50%,"1,267,461"
1025,CSGS,1.42B,22.06,11.14,2.21,1.22,5.23,7.65,13.71,8.32%,8.66%,1.79%,10.00%,6.07%,48.4,0.83%,"181,370"
1026,CSL,17.56B,27.12,17.57,1.81,3.45,6.19,30.45,14.36,19.46%,12.80%,21.40%,15.00%,1.71%,367.41,-0.39%,"264,577"
1033,CSV,356.85M,10.97,9.16,0.73,0.93,2.04,234.77,6.2,2.89%,14.20%,27.70%,15.00%,7.66%,23.57,1.07%,"87,293"
1034,CSWC,1.07B,10.9,9.44,10.9,7.14,1.48,45.11,11.03,17.60%,-2.57%,-14.66%,1.00%,16.30%,24.78,-0.04%,"132,531"
1036,CSX,67.37B,18.89,15.76,1.92,4.6,5.34,45.37,22.31,5.29%,12.04%,7.59%,9.83%,4.34%,34.39,0.67%,"25,705,982"
1037,CTAS,67.21B,45.72,40.24,3.69,7.14,15.87,523.13,44.05,15.01%,10.20%,13.11%,12.40%,6.45%,662.44,-0.91%,"212,122"
1051,CTRA,20.45B,12.79,9.33,0.98,3.64,1.57,21.19,13.12,-15.13%,52.15%,11.36%,13.00%,48.71%,27.22,0.00%,"4,365,190"
1052,CTRE,3.20B,48.96,21.16,8.74,14.72,2.18,10.88,22.29,108.72%,7.51%,-7.07%,5.60%,6.82%,23.74,0.94%,"897,249"
1055,CTS,1.33B,22.49,16.48,2.04,2.41,2.52,8.1,17.92,0.36%,17.36%,6.70%,11.00%,3.87%,43.1,-1.60%,"103,263"
1056,CTSH,33.42B,15.96,13.55,2.4,1.73,2.53,12.68,16.6,1.01%,7.83%,3.19%,6.66%,3.81%,67.13,-0.61%,"4,601,756"
1061,CUBE,9.42B,23.05,23.16,0.82,8.97,3.36,1145.6,16.25,-4.43%,3.91%,15.49%,28.18%,12.21%,41.86,-0.83%,"1,625,111"
1071,CVCO,2.91B,17.7,15.54,0.59,1.57,2.89,7.61,13.54,-29.60%,18.37%,32.18%,30.00%,23.27%,348.88,-0.73%,"58,324"
1073,CVGI,210.01M,4.19,5.34,0.35,0.21,1.12,5.55,11.3,-5.56%,36.47%,1.64%,12.00%,3.55%,6.2,-0.88%,"91,651"
1088,CVX,292.65B,13.88,10.93,7.31,1.48,1.83,34.44,14.28,-0.79%,10.67%,7.97%,1.90%,11.17%,157.57,0.75%,"4,967,686"
1095,CWH,994.69M,41.66,11.04,1.2,0.16,7.98,25.09,5.53,41.71%,74.19%,14.54%,34.70%,6.10%,22.07,2.79%,"2,024,959"
1096,CWST,5.36B,203.55,75.31,13.66,4.24,5.24,24.25,68.52,-15.25%,53.96%,25.88%,14.90%,14.02%,92.37,-0.09%,"232,722"
1101,CXT,3.49B,14.08,13.79,1.9,1.83,3.62,15.38,14.25,-4.22%,11.68%,-9.86%,7.40%,-10.24%,61.37,-0.11%,"327,763"
1102,CXW,1.66B,24.93,17.19,4.16,0.87,1.12,12.84,10.24,13.56%,27.61%,-15.16%,6.00%,0.74%,14.7,-1.14%,"652,303"
1116,DAKT,425.87M,8.09,11.45,0.81,0.52,1.73,5.52,6.97,526.67%,-14.36%,3.80%,10.00%,5.91%,9.22,2.90%,"495,585"
1117,DAL,30.88B,6.15,6.33,0.64,0.52,2.77,6.72,27.55,5.09%,15.13%,4.80%,9.63%,20.20%,47.85,-0.06%,"12,244,920"
1120,DAR,6.58B,10.33,9.14,1.03,0.97,1.43,51.89,19.14,-18.04%,37.75%,45.84%,10.00%,15.82%,41.18,-1.27%,"2,622,309"
1134,DCI,8.62B,23.38,19.71,2.34,2.48,6.27,44.5,19.44,7.73%,10.99%,16.31%,10.00%,4.99%,71.65,-0.43%,"357,314"
1135,DCO,759.08M,45.14,15.09,2.86,1.0,1.19,17.71,65.78,101.46%,49.64%,8.03%,15.80%,4.21%,51.85,0.72%,"101,308"
1139,DD,30.70B,79.44,17.67,7.92,2.54,1.3,10.95,19.53,-0.95%,20.74%,-28.34%,10.03%,-10.84%,73.53,0.60%,"1,890,052"
1147,DECK,20.88B,29.25,26.81,1.54,5.06,9.91,12.65,20.42,39.85%,11.99%,40.16%,19.00%,16.08%,813.3,-0.72%,"308,194"
1153,DFIN,1.80B,22.84,15.95,2.28,2.25,4.46,77.71,28.86,6.50%,11.13%,4.41%,10.00%,-3.26%,61.71,1.15%,"134,610"
1158,DGII,1.07B,68.66,13.01,4.04,2.43,1.98,34.02,21.87,3.02%,10.98%,62.66%,17.00%,14.56%,29.6,-1.86%,"143,952"
1160,DGX,13.94B,16.82,13.4,3.26,1.51,2.22,20.32,16.13,0.44%,7.41%,7.36%,5.17%,4.86%,125.91,-0.84%,"873,688"
1165,DHI,48.41B,9.93,9.47,2.21,1.31,2.02,15.65,21.81,2.67%,8.58%,29.41%,4.50%,17.63%,145.88,0.10%,"5,483,750"
1167,DHR,175.03B,37.03,27.2,5.43,6.34,3.27,29.85,30.28,0.73%,13.82%,11.31%,6.82%,8.35%,236.36,-1.27%,"4,235,840"
1168,DHX,113.35M,30.18,26.22,2.0,0.75,1.03,26.92,103.99,-16.67%,35.00%,-11.50%,15.10%,0.21%,2.36,2.61%,"194,520"
1172,DIOD,3.11B,13.79,17.25,0.92,1.87,1.79,9.47,23.91,-51.22%,67.37%,19.16%,15.00%,8.41%,67.74,0.86%,"290,535"
1173,DIS,206.23B,69.06,20.33,3.61,2.33,2.12,28.67,25.98,24.83%,17.84%,-31.23%,19.12%,8.74%,112.43,-0.45%,"7,612,261"
1177,DK,1.89B,134.17,19.4,1341.69,0.11,2.23,2.29,3.1,-48.76%,-0.59%,-41.58%,0.10%,17.78%,29.45,-2.16%,"720,710"
1180,DKS,16.10B,16.05,13.55,2.18,1.24,6.0,8.94,17.12,2.96%,8.41%,30.34%,7.35%,9.42%,195.22,-0.87%,"786,261"
1182,DLB,7.48B,40.5,25.07,2.53,5.84,3.2,8.81,25.81,36.03%,11.97%,39.39%,16.00%,4.62%,78.29,0.40%,"233,305"
1183,DLHC,157.10M,84.34,11.62,5.44,0.39,1.49,1208.46,4.5,0.00%,72.73%,-6.63%,15.50%,24.83%,11.04,-0.72%,"36,500"
1189,DLX,834.37M,31.96,5.58,4.26,0.38,1.37,1.83,8.55,-3.21%,5.60%,-28.40%,7.50%,2.25%,18.95,0.85%,"219,719"
1206,DOCS,4.63B,37.4,26.13,3.55,9.89,5.34,6.52,27.88,23.04%,5.74%,255.76%,10.55%,50.40%,24.82,-1.47%,"1,334,788"
1211,DOOR,2.89B,24.93,12.85,2.58,1.02,3.38,19.34,9.88,16.95%,16.13%,9.36%,9.67%,5.66%,131.39,0.03%,"907,300"
1212,DORM,2.73B,21.44,14.31,1.43,1.41,2.36,74.11,16.55,22.25%,10.69%,0.37%,15.00%,15.07%,87.91,-0.10%,"89,940"
1214,DOV,23.16B,22.43,17.06,2.72,2.75,4.62,58.12,20.25,2.91%,9.11%,14.92%,8.26%,4.16%,168.61,-0.53%,"851,432"
1215,DOW,39.73B,69.41,13.13,2.35,0.89,2.13,9.14,13.99,34.17%,43.20%,-33.38%,29.52%,0.18%,56.49,-0.58%,"3,838,450"
1216,DOX,9.92B,18.21,11.93,2.12,2.0,2.79,16.5,12.59,9.99%,9.79%,12.71%,8.60%,4.23%,85.11,0.21%,"403,711"
1222,DRI,18.18B,17.85,15.87,1.77,1.62,8.34,67.8,18.83,10.59%,8.49%,11.05%,10.06%,6.39%,152.29,-0.44%,"890,345"
1235,DT,13.69B,69.57,35.07,4.99,10.04,7.15,17.5,39.77,20.89%,12.50%,62.27%,13.95%,28.08%,46.26,4.12%,"5,425,545"
1245,DV,5.16B,73.3,31.82,3.78,9.02,4.8,16.64,50.24,-0.22%,26.32%,82.60%,19.40%,41.52%,30.14,0.37%,"1,353,336"
1246,DVA,11.06B,17.02,12.06,1.13,0.91,10.61,23.22,7.39,9.81%,12.42%,51.82%,15.00%,1.27%,126.11,-1.20%,"653,166"
1254,DXPE,811.43M,12.94,12.57,0.65,0.48,2.13,4.68,8.64,-12.71%,11.76%,14.93%,20.00%,8.12%,50.15,-0.65%,"77,040"
1257,DY,3.92B,18.27,15.23,0.91,0.94,3.72,38.25,96.81,6.17%,14.42%,30.25%,20.00%,6.34%,134.71,-0.03%,"167,042"
1262,EA,33.59B,31.72,16.52,2.71,4.44,4.47,10.82,15.57,9.62%,7.25%,-2.89%,11.70%,10.38%,125.63,-0.54%,"1,387,739"
1268,EBAY,25.87B,9.59,9.94,1.25,2.57,4.04,2.87,13.13,10.22%,7.50%,15.28%,7.68%,-0.47%,49.95,1.01%,"7,588,249"
1276,ECL,62.67B,45.79,30.11,2.94,4.09,7.78,68.16,38.29,23.06%,13.56%,-0.37%,15.55%,1.38%,219.21,-0.02%,"924,421"
1279,ECVT,1.14B,16.19,8.65,0.67,1.65,1.61,12.92,15.8,14.46%,31.49%,6.59%,24.14%,-8.47%,9.76,-0.71%,"417,477"
1286,EEFT,4.66B,18.56,10.6,1.24,1.26,3.73,2.6,8.49,13.79%,13.20%,5.24%,15.00%,8.26%,101.81,0.58%,"250,949"
1289,EFC,959.08M,12.68,6.59,2.96,2.73,0.81,4.16,8.44,13.23%,5.65%,-10.27%,4.28%,19.94%,11.27,1.35%,"970,945"
1294,EFX,27.02B,48.44,22.03,2.59,5.05,5.89,134.43,41.98,13.46%,29.71%,12.25%,18.73%,9.32%,217.51,-8.49%,"3,635,637"
1300,EGP,7.64B,36.11,32.09,4.69,13.35,2.91,189.67,26.6,1.72%,12.70%,12.15%,7.70%,13.86%,159.22,-1.72%,"332,722"
1302,EGY,685.71M,11.75,7.18,5.87,1.51,1.45,5.66,5.43,23.79%,20.52%,-19.09%,2.00%,52.56%,6.64,-1.34%,"1,109,855"
1304,EHC,7.87B,22.61,17.83,1.77,1.64,4.78,55.52,29.41,9.24%,10.89%,3.48%,12.77%,2.74%,78.62,-1.34%,"769,242"
1310,EL,51.91B,111.81,34.09,5.34,3.44,9.09,13.18,64.4,-35.33%,89.86%,-1.12%,20.93%,3.43%,144.81,4.90%,"3,896,862"
1316,ELF,9.30B,74.25,47.06,2.07,10.45,15.11,123.98,152.53,79.30%,19.60%,10.33%,35.80%,22.28%,167.51,0.75%,"2,228,502"
1320,ELS,11.62B,36.95,33.43,4.03,7.71,8.13,388.24,49.14,2.91%,7.21%,7.22%,9.16%,9.02%,62.33,0.86%,"1,309,430"
1329,EME,15.81B,25.23,22.2,25.23,1.26,6.4,20.01,19.26,5.91%,7.17%,22.36%,1.00%,9.35%,336.06,-0.93%,"383,512"
1333,EMN,11.29B,12.8,10.73,2.65,1.23,2.06,20.61,20.68,19.96%,16.58%,-0.19%,4.83%,-1.09%,96.02,0.05%,"652,390"
1340,ENR,2.01B,21.71,8.02,2.65,0.69,11.77,8.31,5.91,3.77%,8.79%,4.97%,8.20%,11.37%,27.97,1.71%,"496,716"
1341,ENS,3.65B,13.64,10.86,0.97,1.0,2.11,10.96,9.75,55.21%,0.22%,8.93%,14.00%,7.40%,90.2,0.87%,"256,455"
1343,ENSG,6.60B,31.86,19.73,2.12,1.8,4.42,12.53,24.4,13.00%,9.55%,16.56%,15.00%,15.98%,116.48,-1.14%,"265,278"
1346,ENTG,19.16B,106.72,28.23,12.75,5.44,5.61,41.92,110.91,24.56%,36.90%,-6.65%,8.37%,18.65%,127.09,-1.67%,"1,370,605"
1352,EOG,76.42B,10.13,10.86,0.18,3.28,2.72,14.48,14.82,1.02%,2.75%,17.16%,54.90%,16.89%,131.76,-0.48%,"1,944,149"
1357,EPAM,14.30B,35.03,20.53,4.93,3.05,4.12,6.8,26.76,-3.47%,17.81%,10.74%,7.10%,21.46%,247.22,-0.71%,"599,321"
1358,EPC,1.80B,17.64,11.83,2.38,0.79,1.17,8.42,9.76,8.72%,9.74%,3.16%,7.40%,0.33%,36.14,2.32%,"286,468"
1359,EPD,61.67B,11.29,9.99,1.34,1.25,2.23,92.45,14.19,7.41%,5.18%,5.54%,8.40%,10.15%,28.44,0.18%,"3,743,795"
1361,EPR,3.06B,20.53,15.03,2.93,4.34,1.24,37.77,6.84,32.60%,2.95%,-9.65%,7.00%,5.06%,40.42,0.92%,"576,159"
1368,EQIX,70.00B,71.75,57.14,2.95,8.55,5.6,32.71,160.72,12.92%,11.21%,17.74%,24.30%,10.07%,739.85,0.72%,"483,492"
1373,ERIE,17.72B,44.93,33.58,4.49,5.43,10.66,78.37,61.4,18.29%,12.29%,9.13%,10.00%,6.59%,380.46,0.60%,"38,942"
1374,ERII,778.00M,36.99,22.32,1.85,6.06,3.53,7.17,33.12,2.31%,61.33%,-1.38%,20.00%,12.79%,13.63,0.74%,"262,232"
1380,ESE,2.55B,27.44,20.76,1.83,2.63,2.21,49.53,36.79,14.41%,12.28%,0.23%,15.00%,4.80%,98.68,1.46%,"229,614"
1392,ESTC,9.61B,208.15,69.9,2.62,7.93,13.57,9.44,79.94,369.17%,16.25%,-26.60%,79.40%,47.05%,95.31,0.74%,"666,105"
1393,ET,52.30B,14.28,9.35,1.74,0.67,1.73,230.4,8.07,38.68%,9.86%,-0.88%,8.20%,13.18%,15.53,1.97%,"15,796,534"
1395,ETD,794.00M,10.0,10.33,1.09,1.13,1.68,5.2,10.01,-30.69%,8.35%,25.70%,9.20%,1.73%,31.26,0.68%,"157,939"
1399,ETRN,5.31B,13.86,10.85,1.61,3.81,5.09,20.52,8.44,12.88%,11.30%,0.70%,8.60%,-1.07%,12.25,-0.16%,"8,373,419"
1418,EVRI,740.62M,9.79,8.53,0.49,0.91,3.27,2.72,5.03,-0.59%,14.57%,40.40%,20.00%,15.63%,8.84,0.91%,"677,531"
1419,EVTC,2.43B,30.64,11.66,4.2,3.5,4.1,7.64,12.0,2.01%,10.83%,0.88%,7.29%,8.97%,37.19,0.27%,"281,973"
1421,EW,51.98B,37.56,27.92,4.02,8.66,7.81,31.55,80.87,9.72%,12.44%,15.35%,9.34%,10.28%,86.45,-0.91%,"3,122,003"
1427,EXEL,6.82B,34.75,14.49,1.83,3.73,3.01,6.85,23.28,91.64%,24.60%,-21.77%,19.00%,17.31%,22.49,-1.66%,"2,610,286"
1429,EXLS,4.83B,26.55,15.85,1.81,2.96,5.41,16.37,30.48,12.50%,14.21%,27.64%,14.70%,13.47%,29.12,-0.99%,"1,154,941"
1430,EXP,8.35B,17.11,15.08,2.14,3.71,6.27,170.72,19.64,13.69%,12.81%,18.73%,8.00%,11.61%,242.38,-1.01%,"241,351"
1432,EXPE,17.49B,23.87,8.4,1.12,1.36,11.46,3.07,9.48,26.26%,24.80%,14.85%,21.30%,12.34%,128.3,-0.33%,"1,166,532"
1434,EXPO,3.95B,40.19,39.89,2.68,7.36,11.09,21.1,35.58,-7.69%,9.37%,7.81%,15.00%,7.41%,78.12,0.50%,"182,135"
1435,EXR,28.39B,27.41,29.34,4.57,11.09,1.97,286.62,22.07,-11.52%,9.05%,7.68%,6.00%,16.87%,134.2,-1.40%,"1,013,493"
1441,EZPW,604.17M,18.5,9.21,0.53,0.56,0.78,2.66,7.89,20.65%,7.21%,-3.85%,35.00%,5.99%,10.95,-0.95%,"616,492"
1443,FA,2.16B,57.82,13.65,6.28,2.82,2.38,10.08,15.96,-5.44%,15.13%,3.28%,9.20%,13.40%,14.86,0.61%,"395,711"
1445,FANG,35.60B,11.5,9.65,5.75,4.23,2.15,60.85,11.06,4.21%,10.24%,16.56%,2.00%,44.77%,199.6,-0.77%,"1,063,039"
1448,FAST,38.65B,33.43,29.41,5.28,5.23,11.27,163.0,32.48,4.57%,8.66%,9.01%,6.33%,8.22%,67.5,-1.43%,"3,583,468"
1452,FBIN,9.28B,23.23,15.39,3.09,2.01,4.05,23.6,11.61,9.68%,11.50%,3.55%,7.53%,-2.82%,73.58,-1.06%,"1,222,087"
1469,FCFS,5.81B,26.8,15.78,3.39,1.84,2.91,45.71,20.34,14.99%,17.03%,7.05%,7.90%,14.49%,128.72,-0.71%,"188,332"
1470,FCN,7.38B,26.94,21.72,3.42,2.11,3.72,22.45,42.16,8.09%,14.74%,14.43%,7.87%,11.55%,207.64,1.56%,"120,356"
1474,FCX,71.95B,39.51,23.83,1.6,3.17,4.31,12.06,158.13,3.18%,32.49%,-6.56%,24.71%,7.03%,50.16,0.68%,"15,712,643"
1478,FDS,16.37B,34.0,24.38,3.47,7.6,9.09,36.36,26.86,10.22%,9.83%,12.16%,9.80%,9.18%,429.46,0.05%,"167,016"
1480,FDX,64.81B,15.18,12.37,0.85,0.74,3.18,11.48,19.44,18.84%,19.80%,-1.59%,17.90%,6.97%,263.37,0.11%,"1,063,395"
1484,FELE,4.63B,24.47,21.29,1.83,2.24,3.84,54.54,16.89,5.26%,9.15%,12.93%,13.40%,10.68%,100.51,0.32%,"212,487"
1494,FFIV,10.56B,23.37,12.95,2.49,3.76,3.69,12.79,17.29,7.86%,9.85%,-2.18%,9.40%,5.45%,179.59,-0.94%,"365,108"
1503,FHI,2.94B,10.27,8.46,0.91,1.83,2.63,5.22,9.68,10.93%,9.62%,9.33%,11.29%,7.62%,34.96,-0.34%,"466,619"
1507,FI,86.74B,29.39,14.65,1.96,4.54,2.92,72.04,22.18,14.74%,16.18%,11.66%,15.03%,29.39%,146.91,-0.13%,"1,989,629"
1511,FIGS,801.98M,37.97,37.21,13.09,1.47,2.13,3.25,9.48,-44.40%,90.11%,264.90%,2.90%,56.51%,4.72,0.21%,"2,327,989"
1518,FIVE,8.40B,28.01,21.16,1.45,2.36,5.29,18.25,51.02,11.81%,18.78%,15.26%,19.33%,18.71%,152.0,-0.07%,"897,103"
1520,FIX,10.43B,32.44,22.96,3.24,2.0,8.16,50.83,19.14,24.43%,17.06%,24.57%,10.00%,19.42%,292.24,-2.47%,"324,863"
1521,FIZZ,4.18B,24.73,22.53,0.97,3.54,8.12,15.11,26.53,24.47%,4.94%,-0.98%,25.56%,3.79%,44.73,-0.40%,"145,746"
1525,FLEX,11.64B,16.46,11.24,1.05,0.4,1.98,4.21,24.38,46.36%,-2.18%,16.61%,15.60%,4.12%,27.63,-1.60%,"3,622,712"
1533,FLO,5.08B,41.61,18.35,9.84,1.0,3.74,225.28,23.1,2.68%,6.35%,-4.88%,4.23%,5.27%,24.04,3.04%,"1,377,869"
1534,FLR,6.67B,79.57,12.4,1.41,0.43,3.44,2.58,66.06,3.31%,12.15%,-15.07%,56.60%,1.11%,39.21,-0.98%,"1,127,203"
1535,FLS,5.99B,32.25,15.48,3.22,1.39,3.09,10.97,23.17,21.16%,15.85%,9.20%,10.00%,2.80%,45.63,-0.09%,"1,013,108"
1549,FND,11.73B,48.05,40.93,12.99,2.66,6.06,341.07,45.81,-16.46%,40.57%,15.46%,3.70%,21.49%,109.58,1.06%,"1,290,496"
1558,FOR,1.56B,7.79,7.76,2.0,1.0,1.08,3.75,6.11,11.33%,8.86%,8.78%,3.90%,95.85%,31.3,-8.37%,"853,761"
1562,FORM,3.27B,40.04,26.06,2.0,4.93,3.58,9.91,381.12,43.16%,54.57%,-5.30%,20.00%,5.15%,42.09,-2.05%,"310,124"
1563,FORR,360.85M,118.91,10.96,16.99,0.75,1.49,2.9,22.3,-17.76%,8.66%,-28.32%,7.00%,6.93%,18.61,0.43%,"110,709"
1567,FOXA,14.61B,18.23,8.13,22.79,1.0,1.43,3.54,12.47,-8.21%,17.45%,-7.92%,0.80%,8.02%,30.77,1.02%,"2,028,264"
1568,FOXF,1.71B,14.32,10.7,0.95,1.17,1.4,20.45,12.97,-38.54%,56.80%,5.71%,15.00%,20.09%,40.74,-1.09%,"488,975"
1598,FSS,4.97B,31.82,24.38,1.99,2.89,4.96,81.55,30.31,16.28%,11.44%,10.75%,16.00%,10.06%,81.52,-1.30%,"316,259"
1602,FTDR,2.35B,14.24,11.52,1.07,1.32,17.3,7.24,13.84,2.30%,10.75%,7.45%,13.30%,7.20%,30.01,1.42%,"674,318"
1612,FTV,28.17B,32.93,19.21,3.83,4.65,2.73,14.92,22.61,10.64%,9.97%,-21.58%,8.60%,0.13%,80.18,-0.02%,"1,518,493"
1614,FUL,4.15B,27.74,15.44,1.91,1.18,2.35,25.11,13.59,10.81%,15.05%,-4.70%,14.52%,3.42%,76.15,0.20%,"356,227"
1625,FWRD,583.76M,59.12,11.57,4.49,0.37,0.76,3.61,3.87,-74.60%,97.56%,-32.59%,13.16%,2.01%,22.75,0.44%,"877,449"
1640,GBDC,2.83B,9.13,9.38,0.91,4.48,1.1,40.03,9.25,68.90%,-7.09%,2.50%,10.00%,31.70%,16.59,-0.24%,"811,165"
1654,GD,78.16B,23.72,17.47,1.87,1.85,3.66,40.86,20.54,21.65%,11.66%,1.46%,12.70%,3.25%,285.27,0.28%,"600,703"
1658,GDOT,444.83M,62.32,4.65,4.83,0.3,0.52,0.62,20.61,-6.30%,19.32%,-43.27%,12.90%,7.23%,8.42,2.56%,"463,253"
1664,GEF,3.51B,10.49,11.71,1.05,0.68,1.76,19.59,8.71,-29.19%,19.41%,11.64%,10.00%,7.28%,60.78,-1.55%,"239,929"
1666,GEHC,38.69B,28.09,17.57,2.32,1.98,5.42,15.45,22.57,9.35%,12.57%,-2.54%,12.10%,4.14%,84.97,-0.26%,"1,764,399"
1668,GEN,12.98B,9.39,9.24,0.8,3.42,5.37,26.49,13.35,7.77%,13.06%,4.88%,11.70%,8.21%,20.38,0.05%,"2,506,583"
1671,GEO,1.88B,20.6,10.75,1.37,0.78,1.44,20.06,8.89,7.89%,33.98%,-9.73%,15.00%,0.80%,14.77,-1.47%,"2,601,145"
1678,GFF,3.22B,48.78,11.89,2.45,1.2,11.75,29.16,7.51,-0.48%,21.34%,36.52%,19.88%,6.97%,65.2,-0.09%,"358,348"
1680,GGG,14.81B,29.95,26.32,2.88,6.75,6.65,27.54,31.78,3.31%,6.56%,8.36%,10.40%,6.11%,88.09,-0.38%,"411,232"
1682,GHC,3.11B,16.06,15.92,0.89,0.71,0.79,3.46,18.71,19.01%,-15.92%,-2.68%,18.10%,10.65%,698.18,0.46%,"12,276"
1688,GIC,1.53B,21.81,16.88,1.21,1.2,5.99,44.54,14.17,10.33%,17.24%,8.78%,18.00%,7.31%,40.17,0.45%,"56,858"
1691,GILD,82.50B,14.69,9.0,2.91,3.05,3.61,9.88,11.12,5.76%,3.39%,1.55%,5.05%,4.16%,66.16,-1.15%,"6,438,938"
1693,GIS,39.00B,15.85,14.76,2.12,1.93,4.13,66.27,16.48,4.66%,4.03%,3.46%,7.46%,5.01%,69.09,0.85%,"3,618,796"
1700,GLPI,11.31B,15.29,14.34,5.4,7.85,2.76,16.53,11.76,2.78%,3.70%,11.88%,2.83%,6.47%,42.35,0.76%,"969,277"
1706,GLW,26.44B,45.73,14.32,6.4,2.1,2.19,14.86,42.99,10.06%,15.34%,-9.80%,7.15%,2.83%,30.91,-0.23%,"4,653,680"
1710,GMED,6.87B,43.58,15.36,2.69,4.38,1.73,13.27,41.58,16.01%,22.76%,-7.04%,16.20%,18.43%,50.75,-0.88%,"948,853"
1713,GMRE,532.43M,35.98,143.29,4.0,3.4,1.05,71.95,9.12,-90.22%,151.85%,-8.36%,9.00%,24.35%,8.12,0.74%,"303,439"
1714,GMS,3.59B,12.6,10.42,5.73,0.67,2.53,40.61,9.58,-10.03%,3.39%,39.31%,2.20%,17.07%,90.08,-1.16%,"269,466"
1723,GNTX,7.77B,18.36,13.65,1.06,3.38,3.36,32.28,21.99,15.71%,15.57%,2.52%,17.30%,5.08%,33.58,0.21%,"1,249,048"
1726,GO,2.63B,33.6,20.61,3.08,0.66,2.15,22.84,19.53,9.61%,9.50%,34.39%,10.89%,11.94%,26.47,-0.34%,"946,656"
1731,GOLF,3.90B,21.3,17.18,4.26,1.64,4.51,59.59,13.15,9.95%,10.60%,17.30%,5.00%,8.53%,61.42,-0.11%,"321,775"
1733,GOOG,1957.70B,27.12,20.03,1.51,6.37,6.92,17.65,28.17,17.73%,15.11%,21.56%,17.92%,18.09%,157.46,0.37%,"13,989,731"
1734,GOOGL,1939.67B,26.87,19.85,1.4,6.31,6.86,17.49,27.91,17.74%,15.09%,21.56%,19.25%,18.09%,156.01,0.35%,"19,845,722"
1741,GPC,22.34B,17.87,14.99,2.52,0.97,5.07,21.28,21.98,5.16%,8.95%,11.14%,7.10%,4.72%,160.23,11.22%,"3,914,702"
1744,GPK,8.36B,11.63,9.38,0.47,0.89,2.99,51.61,24.59,-6.64%,6.83%,26.82%,25.00%,9.91%,27.21,0.44%,"2,549,267"
1746,GPN,31.52B,32.34,9.26,2.27,3.26,1.38,13.97,19.82,11.52%,13.58%,5.82%,14.26%,24.95%,122.18,-0.63%,"863,380"
1750,GPS,7.85B,15.77,13.4,1.1,0.53,3.01,4.19,7.06,-2.56%,12.67%,-12.38%,14.40%,-1.43%,21.03,-0.80%,"5,648,103"
1751,GRBK,2.34B,8.46,7.01,4.92,1.31,1.87,11.72,11.37,11.44%,8.27%,43.25%,1.72%,24.08%,51.97,-0.31%,"355,131"
1752,GRC,944.97M,26.99,19.12,1.8,1.43,2.7,30.96,12.21,17.88%,16.72%,-2.70%,15.00%,11.29%,36.04,0.08%,"79,360"
1776,GTES,4.54B,20.1,10.31,1.83,1.27,1.41,6.27,10.82,4.07%,17.72%,0.10%,11.00%,1.97%,17.18,-0.52%,"1,034,571"
1780,GTLS,6.28B,346.64,10.27,12.51,1.87,2.24,31.24,198.78,79.61%,32.23%,-23.54%,27.70%,30.23%,148.57,0.66%,"446,329"
1784,GVA,2.36B,83.04,10.96,11.86,0.67,2.41,5.2,54.49,332.73%,16.74%,128.90%,7.00%,1.62%,53.68,-0.26%,"258,257"
1789,GWRS,293.30M,36.66,35.68,2.44,5.53,6.03,94.92,95.23,15.38%,13.33%,16.94%,15.00%,8.51%,12.13,0.08%,"18,581"
1790,GWW,46.10B,25.72,21.59,1.78,2.8,14.84,69.85,29.07,7.60%,10.04%,21.61%,14.44%,8.12%,937.54,-1.30%,"188,065"
1792,GXO,5.74B,25.14,15.26,2.0,0.59,1.97,12.27,20.22,4.43%,16.72%,25.12%,12.60%,10.46%,48.16,-1.41%,"689,479"
1795,H,14.95B,72.32,34.79,7.61,2.09,4.27,16.08,24.96,33.88%,23.95%,-21.10%,9.50%,21.28%,147.8,-0.70%,"436,319"
1797,HAE,4.24B,33.86,18.96,2.82,3.34,4.49,21.85,33.21,30.66%,11.21%,21.43%,12.00%,5.50%,83.46,-1.67%,"966,334"
1801,HAL,34.40B,13.22,9.86,0.91,1.49,3.66,15.2,16.55,8.38%,15.55%,9.14%,14.60%,1.97%,38.65,1.60%,"6,797,850"
1804,HASI,2.77B,18.31,9.12,2.13,8.66,1.3,37.11,21.33,9.11%,9.71%,13.49%,8.60%,18.70%,24.34,-0.25%,"939,112"
1818,HCKT,620.17M,18.18,12.31,1.21,2.09,6.8,29.59,18.62,9.03%,7.99%,10.81%,15.00%,1.27%,22.47,0.13%,"140,141"
1820,HCSG,860.89M,22.61,13.74,2.51,0.52,1.88,5.84,22.6,3.29%,8.49%,-14.34%,9.00%,-3.47%,11.7,1.04%,"369,575"
1824,HD,329.90B,22.05,20.31,5.13,2.16,316.31,87.74,18.38,1.45%,6.94%,9.21%,4.30%,7.45%,332.89,0.02%,"3,706,629"
1826,HE,1.12B,5.63,4.62,1.34,0.31,0.48,1.62,10.9,2.87%,5.40%,-0.42%,4.20%,6.02%,10.21,4.50%,"3,733,534"
1829,HEI,27.21B,64.39,46.58,3.8,8.39,8.33,138.6,63.02,20.34%,20.58%,8.91%,16.95%,11.95%,196.66,-0.45%,"342,581"
1833,HESM,2.78B,16.74,10.78,1.5,2.06,7.0,515.46,4.33,33.07%,16.75%,10.77%,11.14%,13.94%,34.85,0.32%,"693,661"
1840,HGV,4.52B,15.38,8.63,0.9,1.14,2.16,5.1,16.07,20.35%,14.36%,-1.62%,17.10%,33.95%,43.11,0.12%,"648,214"
1844,HIBB,826.83M,8.56,7.74,1.08,0.48,1.97,38.95,13.6,1.01%,9.77%,40.16%,7.90%,11.73%,70.07,-0.04%,"508,570"
1847,HII,10.65B,15.72,14.03,2.42,0.93,2.6,24.76,15.71,-3.50%,16.36%,-2.21%,6.49%,7.03%,268.84,-0.88%,"274,074"
1850,HIW,2.53B,17.29,58.47,2.16,3.03,1.05,80.23,11.67,-50.28%,-40.71%,-2.76%,8.00%,3.27%,23.96,0.59%,"763,729"
1853,HLI,8.47B,30.37,21.57,3.49,4.61,4.78,15.24,31.65,-2.08%,27.65%,7.67%,8.70%,16.76%,122.38,-0.36%,"164,958"
1854,HLIO,1.52B,40.34,14.55,10.09,1.82,1.78,47.06,30.74,4.27%,29.71%,-5.31%,4.00%,13.18%,46.04,0.07%,"220,960"
1858,HLNE,4.44B,33.74,24.49,2.25,9.05,9.05,26.18,39.12,5.53%,27.05%,26.44%,15.00%,20.92%,109.65,-0.54%,"231,065"
1867,HNI,1.95B,40.55,12.45,4.06,0.8,2.54,56.56,10.3,9.81%,13.92%,-12.45%,10.00%,1.89%,41.26,0.44%,"166,618"
1873,HOFT,192.52M,20.32,9.63,1.2,0.44,0.85,4.46,3.96,32.97%,54.96%,-23.55%,17.00%,-7.96%,18.06,-0.66%,"35,871"
1875,HOG,5.17B,7.85,7.9,1.57,0.89,1.59,3.15,9.44,-12.72%,12.71%,8.82%,5.00%,2.06%,37.83,-0.29%,"1,778,482"
1878,HON,124.62B,22.56,17.55,2.67,3.4,7.86,15.39,28.97,8.59%,9.47%,-1.17%,8.45%,-2.29%,191.08,0.38%,"2,077,738"
1891,HPE,22.15B,11.74,8.3,4.35,0.79,1.03,5.58,8.42,-12.67%,9.30%,4.61%,2.70%,-1.06%,17.04,0.06%,"12,392,167"
1896,HQY,6.88B,124.77,22.02,5.14,6.88,3.38,17.03,28.53,28.73%,25.20%,-11.29%,24.28%,31.23%,79.85,-0.03%,"487,341"
1900,HRL,18.83B,23.73,20.45,3.21,1.55,2.4,19.18,19.46,-1.76%,6.31%,-4.93%,7.40%,5.16%,34.38,1.00%,"2,064,232"
1909,HSIC,8.99B,22.2,12.43,3.06,0.73,2.47,52.58,28.73,12.72%,10.93%,-1.96%,7.25%,5.89%,69.97,-0.33%,"745,157"
1913,HST,13.08B,17.9,18.46,0.63,2.46,1.97,11.43,16.66,-5.81%,2.78%,-6.69%,28.40%,17.01%,18.59,-0.80%,"4,941,682"
1914,HSTM,726.90M,48.36,41.64,4.03,2.6,2.13,10.22,20.21,0.97%,14.13%,42.50%,12.00%,3.89%,23.99,-1.96%,"173,421"
1915,HSY,37.70B,20.41,18.61,3.5,3.38,9.22,93.81,24.29,-0.15%,3.71%,10.17%,5.83%,7.59%,184.86,1.32%,"1,415,525"
1918,HTGC,2.89B,8.0,9.14,1.6,6.16,1.6,24.92,10.72,-2.71%,-1.83%,22.58%,5.00%,21.78%,18.25,0.50%,"589,403"
1924,HUBB,21.04B,27.93,22.31,3.72,3.92,7.33,60.33,29.42,7.06%,7.15%,16.51%,7.50%,4.62%,392.28,0.34%,"299,079"
1932,HURN,1.67B,28.26,13.42,2.09,1.19,3.13,137.48,13.28,15.17%,19.18%,38.81%,13.50%,10.46%,90.44,-0.88%,"90,549"
1935,HVT,491.12M,9.06,8.65,0.69,0.57,1.59,3.84,11.14,-29.96%,49.36%,20.54%,13.10%,2.49%,30.41,0.46%,"72,070"
1940,HWM,25.93B,34.6,23.78,1.96,3.91,6.54,42.44,38.02,19.93%,21.00%,7.22%,17.62%,-9.92%,63.5,0.06%,"2,294,327"
1941,HXL,5.10B,49.82,20.8,1.89,2.85,3.01,22.48,34.27,22.69%,32.93%,-16.84%,26.37%,-1.62%,61.4,-0.81%,"883,422"
1942,HY,1.03B,8.1,7.47,0.54,0.25,2.59,13.02,8.9,-1.93%,10.70%,28.21%,15.00%,5.96%,58.68,-1.08%,"92,339"
1951,IART,2.47B,37.5,8.75,4.26,1.6,1.56,8.0,33.85,3.01%,13.15%,3.10%,8.80%,1.17%,31.63,-0.97%,"508,410"
1958,IBKR,11.85B,18.9,16.63,1.27,1.43,3.3,0.17,1.22,15.04%,0.56%,20.03%,14.90%,30.56%,110.6,1.25%,"960,919"
1959,IBM,166.36B,22.34,17.01,4.38,2.69,7.37,12.36,13.11,4.46%,6.18%,-3.09%,5.10%,-3.97%,181.47,-0.89%,"2,885,959"
1961,IBP,6.37B,26.08,17.39,1.8,2.29,9.5,16.49,22.87,13.97%,10.34%,37.48%,14.51%,16.25%,224.59,0.11%,"253,105"
1970,ICE,75.00B,31.19,19.61,3.21,7.8,2.92,35.55,22.38,6.19%,11.90%,4.09%,9.72%,11.20%,130.98,0.18%,"2,014,978"
1971,ICFI,2.59B,31.71,18.06,3.17,1.32,2.84,273.55,19.88,3.91%,13.21%,6.49%,10.00%,8.08%,138.09,-1.41%,"85,148"
1978,IDCC,2.44B,12.74,20.75,0.64,4.44,4.21,2.41,11.64,-23.54%,-20.87%,32.83%,19.90%,12.50%,95.66,-0.36%,"428,420"
1983,IDXX,39.70B,47.48,37.36,3.96,10.84,26.72,87.46,51.37,11.13%,14.38%,18.76%,12.00%,10.69%,477.79,-0.09%,"399,635"
1988,IEX,17.10B,28.78,24.75,2.4,5.22,4.83,32.01,27.28,1.30%,9.73%,8.21%,12.00%,6.05%,226.1,-0.32%,"248,282"
1996,III,175.96M,30.16,11.38,3.02,0.6,1.73,7.77,19.9,38.33%,92.77%,-0.10%,10.00%,1.27%,3.64,-0.27%,"110,484"
1997,IIIN,641.27M,28.75,9.68,2.21,1.06,1.92,7.49,6.66,-9.64%,127.00%,-2.51%,13.00%,9.55%,32.97,0.67%,"82,936"
2019,INCY,11.86B,19.97,9.91,0.89,3.21,2.28,3.24,25.56,24.98%,20.97%,38.99%,22.50%,14.55%,52.82,0.19%,"1,830,343"
2028,INGR,7.36B,11.7,10.85,1.08,0.9,2.07,18.01,9.94,2.62%,7.10%,9.24%,10.80%,5.65%,112.33,0.93%,"238,844"
2048,INTT,134.25M,13.82,9.9,0.92,1.09,1.4,2.97,9.0,12.23%,5.69%,22.08%,15.00%,13.36%,11.04,-2.04%,"89,805"
2049,INTU,170.33B,62.18,31.97,4.32,11.28,10.08,114.4,36.44,14.02%,15.90%,10.59%,14.39%,19.25%,608.38,-0.79%,"790,751"
2061,IOSP,3.00B,21.71,16.36,2.89,1.54,2.62,14.75,20.9,10.89%,9.38%,9.98%,7.50%,7.45%,120.82,0.25%,"68,921"
2064,IP,12.21B,41.08,12.24,2.14,0.65,1.46,10.97,17.65,-1.98%,36.10%,-29.18%,19.20%,-3.32%,35.26,0.57%,"5,229,360"
2065,IPAR,3.97B,26.09,21.47,2.17,3.01,5.67,21.71,39.95,8.60%,11.90%,22.72%,12.00%,17.83%,123.92,0.23%,"137,438"
2067,IPG,11.51B,10.66,9.92,1.78,1.06,2.92,4.82,30.66,-4.02%,6.72%,12.34%,6.00%,2.65%,30.39,0.40%,"3,788,063"
2068,IPGP,3.90B,18.31,18.13,11.44,3.03,1.62,3.31,21.02,-30.02%,43.98%,-8.92%,1.60%,-1.81%,84.59,0.26%,"158,617"
2075,IQV,41.35B,31.11,18.11,2.71,2.76,6.75,27.64,27.56,8.93%,12.88%,42.42%,11.48%,7.76%,227.17,-0.04%,"631,234"
2076,IR,35.89B,46.68,24.95,5.03,5.22,3.67,22.5,28.22,8.87%,10.64%,8.12%,9.28%,22.79%,88.97,-0.67%,"1,175,494"
2081,IRMD,510.96M,29.87,24.17,1.71,7.79,7.15,10.27,84.88,3.38%,9.15%,21.02%,17.50%,18.24%,40.36,-0.27%,"28,705"
2093,ISRG,132.08B,74.1,51.12,6.0,18.54,9.86,25.29,225.81,9.43%,16.66%,9.71%,12.36%,14.41%,372.63,-0.41%,"2,295,111"
2098,IT,35.06B,40.62,34.74,3.76,5.93,51.75,26.57,33.3,0.50%,13.66%,52.81%,10.80%,8.47%,449.61,0.07%,"426,540"
2101,ITI,196.96M,81.1,21.6,2.7,1.15,2.86,9.15,15.68,129.29%,107.32%,-24.97%,30.00%,12.07%,4.59,-0.86%,"100,278"
2105,ITT,10.27B,25.2,19.16,2.38,3.13,4.06,21.0,23.87,11.04%,12.89%,5.70%,10.60%,4.05%,125.15,0.02%,"314,330"
2106,ITW,74.35B,25.55,22.79,5.0,4.62,24.73,69.81,24.11,4.09%,7.68%,5.09%,5.11%,2.19%,248.83,-0.28%,"799,081"
2112,IVT,1.66B,315.98,245.2,75.23,6.4,1.07,16.67,8.62,-68.75%,300.00%,-41.15%,4.20%,1.86%,24.52,2.12%,"444,564"
2117,J,18.03B,25.61,15.59,2.54,1.08,2.7,15.77,18.96,12.13%,13.99%,34.99%,10.10%,9.30%,143.5,0.37%,"311,782"
2127,JBL,15.63B,11.12,12.34,0.84,0.49,5.97,6.03,17.9,-3.04%,25.48%,65.15%,13.30%,9.53%,129.59,-0.05%,"657,381"
2132,JEF,8.80B,33.94,10.11,1.89,1.05,0.9,1.0,169.37,178.79%,33.91%,-1.01%,18.00%,9.89%,41.52,0.80%,"647,851"
2133,JELD,1.57B,21.69,8.93,12.76,0.35,1.84,5.42,6.26,6.84%,20.76%,-16.41%,1.70%,0.01%,18.33,1.66%,"412,078"
2137,JKHY,12.01B,32.26,28.72,4.19,5.56,6.96,449.52,31.33,1.79%,12.28%,1.29%,7.70%,7.18%,164.77,0.06%,"310,160"
2138,JLL,8.30B,37.56,11.39,4.17,0.4,1.32,12.51,20.12,59.28%,30.38%,-15.03%,9.00%,5.28%,175.0,0.93%,"276,731"
2140,JNJ,351.20B,18.67,13.26,3.89,3.92,5.1,15.32,19.25,7.48%,3.11%,-0.27%,4.80%,1.31%,145.74,0.67%,"9,694,942"
2141,JNPR,11.73B,37.97,14.73,3.45,2.11,2.58,9.6,16.44,-1.39%,10.16%,-9.86%,11.00%,3.82%,36.16,-0.88%,"5,296,661"
2146,JOUT,435.07M,24.94,10.19,1.78,0.7,0.86,3.97,95.2,40.53%,57.30%,-14.37%,14.00%,4.74%,42.78,0.90%,"51,062"
2147,JPM,520.57B,11.18,11.11,9.31,3.05,1.76,0.33,40.12,34.30%,2.13%,12.50%,1.20%,17.50%,181.25,0.65%,"9,552,615"
2152,JWN,3.06B,23.78,9.63,3.5,0.21,3.59,4.87,58.84,-12.36%,4.70%,-24.38%,6.80%,0.91%,18.74,4.40%,"6,038,318"
2156,K,19.32B,20.51,14.84,2.6,1.27,6.07,70.52,19.96,12.40%,6.60%,-6.41%,7.90%,-0.49%,56.54,0.84%,"1,498,841"
2158,KAI,3.33B,28.69,25.86,3.59,3.47,4.3,31.26,24.89,-0.57%,9.99%,13.30%,8.00%,9.21%,283.9,-0.42%,"66,629"
2162,KAMN,1.30B,150.0,38.97,15.0,1.68,1.88,37.04,31.11,70.41%,41.32%,-31.93%,10.00%,1.33%,45.99,0.26%,"1,172,096"
2165,KBH,4.59B,8.22,7.23,0.74,0.71,1.18,6.86,4.67,11.70%,6.39%,32.69%,11.10%,8.46%,60.41,-0.84%,"1,190,772"
2169,KDP,43.20B,20.09,15.18,2.82,2.92,1.69,161.78,47.78,6.61%,7.48%,23.74%,7.13%,15.86%,31.13,0.81%,"7,467,904"
2171,KELYA,823.32M,23.76,9.31,1.58,0.17,0.66,6.53,13.41,-16.93%,37.07%,11.12%,15.00%,-2.26%,23.33,0.60%,"106,246"
2173,KEX,5.55B,25.49,15.16,7.96,1.8,1.75,170.44,40.09,33.82%,25.86%,23.26%,3.20%,2.10%,94.97,-0.12%,"238,935"
2175,KEYS,25.64B,26.98,20.16,6.22,4.8,5.33,14.67,21.6,-26.42%,18.85%,46.88%,4.34%,7.32%,146.89,-2.03%,"1,052,942"
2177,KFRC,1.23B,20.14,16.92,1.34,0.8,7.71,10217.09,14.65,-12.40%,21.43%,6.40%,15.00%,3.58%,62.81,-0.98%,"137,876"
2179,KFY,3.13B,20.73,12.87,1.38,1.1,1.84,4.0,14.65,-15.31%,11.39%,10.92%,15.00%,10.86%,59.97,-0.05%,"279,734"
2189,KKR,82.62B,22.83,15.4,0.87,5.02,3.61,7.19,11.88,39.70%,26.86%,14.69%,26.12%,121.30%,93.35,-1.35%,"4,586,060"
2190,KLAC,87.12B,32.72,22.92,5.43,9.02,28.63,26.06,27.5,-11.22%,24.81%,36.50%,6.02%,21.24%,644.22,-2.24%,"897,322"
2192,KLIC,2.60B,51.02,16.61,2.55,3.52,2.24,3.66,56.45,-5.34%,61.09%,4.29%,20.00%,13.62%,46.09,0.00%,"582,738"
2195,KMB,42.32B,24.13,16.98,4.59,2.07,46.26,38.72,15.24,5.27%,6.97%,5.26%,5.26%,2.03%,125.61,-0.28%,"2,350,821"
2196,KMI,40.41B,16.66,14.43,3.14,2.67,1.33,339.62,9.24,13.08%,4.34%,9.87%,5.30%,4.24%,18.21,2.53%,"26,076,841"
2198,KMT,1.91B,16.03,14.56,1.56,0.92,1.48,21.06,9.92,-2.93%,12.17%,-9.66%,10.30%,-2.02%,24.1,1.13%,"951,733"
2200,KN,1.37B,19.2,11.63,1.28,1.94,1.32,15.7,12.99,26.70%,17.71%,1.75%,15.00%,-2.60%,15.27,-1.55%,"547,712"
2206,KNX,7.73B,35.7,15.11,0.7,1.08,1.09,16.58,85.86,-4.27%,92.39%,-10.64%,50.80%,7.09%,47.88,-1.34%,"4,778,017"
2207,KO,253.97B,23.86,19.61,3.84,5.54,9.78,18.59,26.06,4.62%,6.73%,10.53%,6.21%,6.53%,58.91,0.68%,"11,116,082"
2210,KOP,1.13B,12.81,10.09,0.71,0.52,2.22,16.92,43.95,7.11%,12.78%,30.43%,18.00%,5.00%,53.15,-0.69%,"98,807"
2218,KR,40.10B,18.77,12.25,2.35,0.27,3.44,12.95,13.49,-7.24%,2.75%,-4.67%,8.00%,4.41%,55.57,0.56%,"3,467,669"
2219,KRC,3.83B,18.19,19.05,5.69,3.39,0.71,7.51,6.36,-10.25%,6.18%,-6.79%,3.20%,8.70%,32.67,0.83%,"671,428"
2235,KTB,3.09B,13.65,10.8,2.28,1.18,8.3,14.36,9.38,4.82%,9.93%,-2.73%,6.00%,-0.42%,55.39,1.00%,"483,623"
2245,KVUE,37.49B,24.51,15.84,13.7,2.43,3.34,27.13,13.89,-10.91%,7.53%,3.41%,1.79%,1.93%,19.58,1.61%,"11,215,702"
2248,KWR,3.38B,30.02,18.42,2.01,1.73,2.44,17.39,14.08,14.44%,16.56%,7.07%,14.93%,18.16%,188.0,-0.23%,"52,688"
2257,LAKE,120.94M,23.05,8.33,1.15,0.97,0.98,4.8,13.68,143.06%,12.57%,32.14%,20.00%,7.33%,16.41,3.86%,"26,308"
2258,LAMR,11.30B,22.82,19.32,7.61,5.35,9.29,253.39,18.67,5.60%,11.89%,9.54%,3.00%,5.75%,110.72,0.07%,"243,757"
2259,LANC,5.05B,39.15,26.51,13.05,2.71,5.56,37.75,32.36,12.11%,10.72%,-3.86%,3.00%,8.38%,183.62,-0.96%,"138,112"
2264,LAUR,3.15B,20.64,9.76,1.38,2.12,2.33,32.49,16.2,67.41%,16.13%,13.28%,15.00%,-7.76%,14.06,-0.07%,"653,418"
2272,LBRT,3.67B,8.08,6.95,0.65,0.81,2.0,154.29,8.92,-18.65%,23.09%,11.79%,12.50%,35.81%,22.1,2.70%,"4,557,301"
2275,LCII,2.64B,41.31,14.21,2.07,0.7,1.95,39.89,5.68,119.88%,32.33%,-15.43%,20.00%,12.55%,104.19,0.67%,"217,807"
2281,LDOS,16.72B,87.1,14.3,9.22,1.08,4.0,18.02,17.46,7.44%,10.34%,-17.61%,9.45%,8.68%,123.76,-0.48%,"868,045"
2284,LEA,7.48B,13.55,7.38,0.5,0.32,1.52,6.22,12.01,18.58%,24.72%,-10.87%,26.94%,2.70%,131.16,0.54%,"370,742"
2285,LECO,13.58B,25.49,22.55,2.67,3.24,10.4,34.48,23.55,2.95%,9.37%,16.47%,9.55%,7.39%,238.93,0.98%,"291,050"
2292,LEN,42.44B,10.68,9.39,17.8,1.21,1.59,8.09,9.4,6.06%,11.50%,20.35%,0.60%,11.17%,152.49,0.40%,"2,788,206"
2296,LEVI,8.17B,66.35,14.04,4.81,1.35,4.13,15.81,13.48,15.25%,15.27%,-3.14%,13.80%,3.46%,20.51,-0.73%,"1,997,929"
2302,LFUS,5.63B,21.87,19.48,2.12,2.38,2.27,10.14,15.18,-22.15%,27.03%,9.65%,10.30%,8.47%,226.12,0.08%,"80,113"
2303,LFVN,85.71M,28.73,9.51,2.39,0.41,3.14,4.95,8.12,150.00%,16.67%,-13.19%,12.00%,1.19%,6.66,0.91%,"23,349"
2309,LGND,1.28B,25.0,12.94,1.25,9.78,1.82,7.54,28.47,-26.85%,25.78%,-13.18%,20.00%,-3.89%,72.52,-8.05%,"131,218"
2312,LH,16.77B,42.86,12.41,4.6,1.3,2.12,31.25,19.19,9.43%,8.34%,-11.14%,9.32%,2.87%,199.45,-0.26%,"768,784"
2313,LHX,38.41B,31.37,14.41,3.7,1.98,2.04,68.6,23.32,2.87%,10.32%,-3.91%,8.47%,31.35%,202.08,0.34%,"683,568"
2317,LII,16.32B,27.72,20.57,2.03,3.28,57.2,236.22,33.59,10.01%,12.82%,13.61%,13.63%,5.39%,458.64,0.17%,"228,782"
2328,LKQ,12.96B,13.82,10.9,0.41,0.93,2.1,43.35,12.99,6.60%,9.20%,18.01%,33.50%,3.39%,48.58,1.40%,"1,640,017"
2331,LLY,709.23B,131.22,41.09,2.59,20.78,65.74,242.25,894.92,97.73%,45.29%,13.74%,50.67%,9.91%,745.95,-0.64%,"1,714,986"
2334,LMAT,1.40B,46.64,33.93,7.77,7.23,4.69,13.31,47.44,23.32%,11.69%,3.45%,6.00%,13.03%,62.62,-0.67%,"85,261"
2339,LMT,109.69B,16.56,16.54,2.42,1.62,16.01,76.07,17.61,-6.35%,5.83%,9.38%,6.86%,4.79%,456.09,0.01%,"714,614"
2341,LNG,37.00B,3.96,15.06,0.11,1.83,7.54,8.18,5.88,-79.21%,25.78%,84.62%,35.40%,31.74%,160.43,2.31%,"2,172,241"
2343,LNN,1.29B,18.61,20.87,0.81,2.0,2.66,8.54,13.74,-20.29%,7.10%,28.30%,22.90%,6.16%,116.51,3.28%,"125,561"
2346,LNTH,4.27B,13.42,9.35,0.36,3.3,5.34,5.99,16.52,5.55%,1.37%,35.30%,37.73%,36.54%,62.33,1.38%,"1,271,292"
2360,LPLA,19.34B,19.03,13.22,1.38,1.92,9.33,7.48,130.43,0.85%,23.96%,23.07%,13.75%,14.51%,259.77,0.25%,"295,868"
2370,LRCX,116.54B,34.37,24.7,3.66,8.14,14.19,20.67,23.96,-14.64%,23.65%,20.32%,9.38%,11.13%,888.92,-2.56%,"2,290,328"
2374,LRN,2.48B,14.47,12.17,0.72,1.28,2.41,4.91,11.46,42.73%,11.02%,34.30%,20.00%,15.90%,57.26,-0.54%,"687,629"
2377,LSEA,395.50M,14.45,7.01,3.01,0.33,0.61,2.35,7.65,60.11%,30.52%,89.52%,4.80%,12.86%,10.98,-1.61%,"167,502"
2380,LSTR,5.97B,22.71,20.63,1.89,1.13,6.07,11.04,16.22,-11.07%,23.78%,3.56%,12.00%,6.59%,167.1,-0.55%,"284,601"
2381,LSXMA,7.95B,12.78,8.44,0.29,0.89,0.8,24.3,6.18,7.67%,8.54%,-30.77%,44.12%,9.87%,24.33,0.04%,"1,621,662"
2382,LSXMK,7.91B,12.72,7.88,63.58,0.88,0.79,24.18,6.15,16.29%,7.14%,-30.77%,0.20%,9.87%,24.21,0.04%,"2,115,287"
2414,LZ,2.22B,165.64,16.98,3.96,3.36,13.19,9.83,23.94,36.24%,24.55%,26.77%,41.80%,12.95%,11.81,-1.67%,"1,018,559"
2415,LZB,1.41B,12.15,11.12,1.56,0.68,1.44,4.12,10.49,-29.19%,8.54%,15.85%,7.80%,9.04%,32.98,0.83%,"307,634"
2416,M,5.22B,50.87,7.37,4.24,0.22,1.26,5.05,7.75,-24.85%,-1.72%,-36.16%,12.00%,0.80%,19.04,0.16%,"7,573,776"
2417,MA,424.19B,38.43,27.15,1.97,16.88,61.29,46.21,37.43,17.46%,16.28%,16.16%,19.49%,11.54%,454.7,-1.19%,"1,995,634"
2423,MAIN,4.01B,9.06,12.19,1.13,9.98,1.62,66.79,10.85,-2.77%,-3.73%,13.35%,8.00%,32.81%,47.22,0.55%,"218,828"
2427,MANH,14.19B,81.57,52.55,5.44,15.28,50.98,52.41,58.75,0.81%,16.30%,12.35%,15.00%,11.05%,230.44,0.88%,"546,778"
2435,MASI,7.19B,90.02,34.46,7.56,3.51,5.26,43.32,143.54,-7.02%,11.92%,-15.29%,11.90%,20.89%,135.92,-0.51%,"238,492"
2440,MATX,3.61B,12.5,12.17,0.83,1.17,1.5,26.48,13.77,2.04%,1.26%,26.84%,15.00%,10.78%,104.64,-1.26%,"248,385"
2451,MBUU,697.89M,10.93,8.09,0.73,0.57,1.12,12.52,10.73,-70.01%,53.14%,30.07%,15.00%,24.07%,34.16,0.59%,"451,277"
2461,MCFT,355.59M,6.41,8.97,0.64,0.66,1.84,3.27,7.63,-70.07%,45.32%,19.42%,10.00%,17.61%,20.88,0.19%,"351,050"
2465,MCO,68.39B,42.88,30.19,3.24,11.56,20.6,31.18,36.38,8.20%,15.84%,5.32%,13.22%,6.36%,374.6,-0.22%,"789,551"
2467,MCRI,1.26B,15.72,14.37,1.12,2.49,2.46,31.97,10.18,6.60%,3.44%,18.02%,14.00%,23.58%,66.54,-4.36%,"203,426"
2468,MCS,409.01M,46.62,27.13,3.11,0.56,0.87,6.84,6.41,-84.78%,592.86%,-27.96%,15.00%,18.67%,13.16,2.57%,"1,367,198"
2476,MDC,4.73B,11.92,10.84,0.94,1.02,1.39,2.75,9.12,-1.42%,11.41%,11.02%,12.70%,10.44%,62.98,0.05%,"6,413,743"
2479,MDLZ,90.44B,18.56,17.64,2.25,2.51,3.2,48.01,25.11,6.10%,8.08%,9.73%,8.26%,6.91%,67.17,0.99%,"8,689,286"
2486,MED,353.92M,3.56,10.36,0.18,0.33,1.76,2.36,2.51,-80.25%,64.54%,14.53%,20.00%,21.70%,32.47,1.85%,"304,141"
2487,MEDP,11.51B,42.17,29.07,2.35,6.11,20.55,46.91,29.02,19.65%,21.18%,35.06%,17.97%,22.02%,374.32,-2.12%,"219,892"
2495,META,1279.29B,33.69,21.58,1.3,9.48,8.39,19.53,29.18,35.40%,15.52%,14.46%,26.00%,19.99%,501.8,1.54%,"14,755,066"
2496,METC,830.86M,9.3,7.41,2.2,1.2,2.24,19.43,10.63,18.75%,2.74%,6.46%,4.23%,32.90%,15.65,-4.22%,"582,429"
2498,MFIC,979.45M,8.26,9.28,0.86,3.54,0.97,10.46,4.99,411.80%,-5.44%,12.30%,9.60%,1.60%,15.01,0.87%,"177,454"
2499,MFIN,185.05M,3.32,3.96,0.22,0.74,0.52,1.23,1.63,29.30%,30.66%,33.80%,15.00%,20.00%,7.88,1.94%,"108,763"
2502,MGEE,2.74B,23.32,18.96,4.32,3.97,2.41,228.62,177.11,13.23%,8.70%,6.01%,5.40%,4.67%,75.85,0.88%,"171,349"
2504,MGM,13.33B,13.27,14.88,1.12,0.82,3.6,4.55,7.54,-10.06%,17.63%,31.55%,11.90%,19.19%,42.04,0.02%,"3,502,767"
2508,MGPI,1.75B,16.52,11.57,1.5,2.09,2.06,95.09,61.31,4.76%,11.50%,17.22%,11.00%,19.14%,79.45,2.15%,"182,790"
2518,MHO,3.08B,6.81,6.37,0.55,0.76,1.22,4.2,5.63,0.83%,6.25%,34.34%,12.50%,12.40%,110.69,-0.64%,"265,315"
2520,MIDD,7.56B,19.03,12.5,2.32,1.87,2.33,30.54,13.9,6.06%,9.63%,5.38%,8.20%,9.42%,141.01,-0.18%,"205,745"
2531,MKC,19.51B,27.72,23.66,3.88,2.91,3.73,109.63,19.36,6.20%,7.15%,-6.36%,7.15%,4.76%,72.7,0.59%,"1,329,593"
2536,MKTX,7.69B,29.65,24.79,3.76,10.25,5.95,15.17,25.01,5.39%,13.53%,8.46%,7.89%,12.18%,203.15,0.60%,"281,613"
2539,MLI,5.95B,9.86,14.14,0.82,1.74,2.56,4.67,9.59,-32.08%,2.78%,42.21%,12.00%,8.86%,52.32,0.67%,"665,843"
2540,MLKN,1.78B,25.55,11.29,0.85,0.48,1.28,7.94,6.18,5.00%,13.00%,-23.57%,30.00%,13.49%,24.78,1.14%,"498,176"
2541,MLM,36.30B,31.03,24.19,2.85,5.36,4.52,28.31,41.34,11.30%,12.90%,21.06%,10.90%,9.95%,587.13,-0.98%,"541,563"
2547,MMC,99.18B,25.62,21.26,4.0,4.26,7.88,68.31,25.58,8.61%,9.37%,18.44%,6.40%,8.88%,201.73,2.08%,"3,633,043"
2551,MMS,4.88B,26.49,13.47,2.12,0.98,2.84,31.82,13.08,41.25%,9.86%,-4.69%,12.50%,15.65%,80.04,0.33%,"343,717"
2552,MMSI,4.11B,43.88,19.5,4.05,3.28,3.42,6.98,37.1,10.19%,9.76%,15.74%,10.83%,7.42%,70.99,-0.73%,"269,998"
2558,MNRO,889.23M,28.68,18.12,1.91,0.7,1.35,37.28,6.14,3.35%,16.74%,-9.15%,15.00%,3.13%,29.74,0.47%,"311,420"
2560,MNST,55.63B,34.68,25.99,2.43,7.79,6.77,17.1,37.18,17.79%,13.41%,11.87%,14.30%,13.47%,53.46,-1.46%,"4,756,618"
2567,MOD,4.37B,19.74,21.98,0.58,1.81,6.01,29.21,28.16,66.26%,17.52%,46.19%,34.00%,1.56%,83.76,-2.20%,"1,144,323"
2573,MOG-A,4.88B,28.41,18.88,3.94,1.43,2.85,38.48,636.37,12.79%,16.63%,14.79%,7.21%,4.24%,152.72,-0.88%,"109,058"
2577,MORN,12.49B,88.99,35.37,5.56,6.05,9.41,32.12,63.32,30.15%,24.06%,-5.02%,16.00%,15.38%,292.38,-0.84%,"86,242"
2587,MPLX,40.64B,10.54,9.33,2.51,3.8,3.24,38.78,9.11,7.44%,5.52%,10.78%,4.20%,10.33%,40.21,0.55%,"1,734,956"
2591,MPWR,30.18B,70.78,38.26,2.83,16.58,14.53,26.44,51.99,9.21%,26.03%,30.00%,25.00%,27.08%,620.31,-2.73%,"652,898"
2597,MRC,996.96M,11.85,9.13,0.79,0.29,2.02,7.61,6.01,-7.61%,22.80%,14.08%,15.00%,-2.12%,11.7,0.52%,"370,724"
2602,MRK,317.16B,947.28,12.82,14.02,5.3,8.44,44.29,34.69,466.77%,14.18%,-42.70%,67.56%,7.72%,125.23,-0.11%,"5,984,212"
2612,MSA,7.30B,127.21,22.07,7.07,4.08,7.57,49.16,145.65,9.96%,8.75%,-14.17%,18.00%,5.87%,185.55,-0.19%,"84,063"
2619,MSFT,3003.90B,36.56,30.2,2.24,13.2,12.61,37.08,44.54,18.93%,14.74%,35.37%,16.30%,14.05%,404.27,-1.84%,"20,961,005"
2623,MSI,56.56B,34.18,24.58,3.67,5.67,77.93,33.17,31.58,6.55%,8.46%,12.07%,9.31%,6.53%,339.46,-0.31%,"493,672"
2624,MSM,5.15B,16.42,14.39,1.8,1.29,3.7,231.58,14.82,-9.60%,11.74%,1.04%,9.12%,4.78%,91.44,0.37%,"282,503"
2633,MTDR,8.08B,9.18,7.87,0.88,2.87,1.98,75.99,25.4,8.29%,12.27%,23.93%,10.40%,36.85%,64.74,-1.39%,"1,690,046"
2638,MTN,8.11B,35.66,22.03,4.02,2.85,9.77,9.83,22.13,16.34%,23.63%,-5.88%,8.86%,8.66%,213.62,-2.68%,"528,801"
2641,MTRN,2.47B,26.16,16.04,2.18,1.48,2.79,186.07,100.77,5.85%,25.06%,35.25%,12.00%,7.38%,119.75,-0.93%,"103,711"
2647,MTX,2.30B,27.43,10.52,4.9,1.06,1.39,7.15,16.4,12.72%,14.94%,-11.48%,5.60%,4.22%,71.01,-0.20%,"120,166"
2652,MUSA,8.60B,16.18,14.42,0.75,0.4,10.38,68.82,19.17,5.34%,6.48%,31.53%,21.46%,11.79%,412.85,-1.96%,"203,080"
2658,MWA,2.48B,32.27,19.9,3.23,2.04,3.39,11.45,17.73,7.67%,17.69%,-3.78%,10.00%,7.01%,15.89,3.59%,"2,026,348"
2678,NAVI,1.83B,9.09,7.56,1.23,0.37,0.67,0.66,2.71,-12.49%,0.26%,4.38%,7.42%,-0.64%,16.26,0.99%,"725,294"
2682,NBIX,13.19B,54.54,19.0,3.03,6.99,5.86,12.79,36.47,106.85%,36.56%,62.04%,18.00%,34.77%,132.54,-0.52%,"577,918"
2696,NDAQ,34.59B,28.55,19.1,3.59,5.7,3.19,73.12,22.49,-1.14%,12.83%,18.00%,7.95%,7.36%,60.07,0.10%,"2,348,620"
2699,NDSN,14.82B,30.28,23.12,2.33,5.59,5.44,108.8,22.54,13.26%,9.57%,5.72%,13.00%,3.30%,259.12,-0.64%,"105,406"
2702,NEE,131.38B,17.75,17.41,2.26,5.76,2.77,48.57,74.94,7.31%,8.10%,0.74%,7.84%,8.06%,64.01,0.34%,"10,133,154"
2721,NFG,4.79B,10.89,8.28,1.34,2.46,1.51,114.94,30.45,-5.46%,28.56%,2.67%,8.10%,11.92%,52.01,-0.06%,"463,820"
2722,NFLX,264.23B,50.81,28.63,1.97,7.84,12.83,37.01,38.15,43.29%,23.70%,35.03%,25.77%,16.71%,610.56,-0.51%,"7,588,339"
2728,NGVC,369.46M,13.99,11.36,2.74,0.32,2.4,27.13,16.7,10.98%,26.33%,12.50%,5.10%,6.18%,16.24,0.37%,"37,801"
2731,NHI,2.62B,19.34,20.07,0.77,8.14,2.09,117.39,14.6,-10.00%,6.89%,-3.15%,25.19%,2.17%,60.44,1.49%,"167,921"
2736,NJR,4.15B,17.36,14.73,2.89,2.48,2.01,187.91,86.91,7.21%,-1.05%,0.51%,6.00%,-4.77%,42.19,1.54%,"624,441"
2737,NKE,144.52B,28.16,24.22,2.1,2.8,10.17,13.67,23.33,14.53%,6.83%,22.52%,13.43%,7.34%,95.74,0.95%,"10,057,015"
2756,NNN,7.26B,18.44,19.48,1.88,8.76,1.75,1406.36,11.85,-8.80%,3.64%,5.52%,9.79%,5.94%,39.77,0.25%,"1,125,017"
2758,NOC,67.03B,33.6,16.4,1.14,1.71,4.59,21.56,31.92,5.93%,11.83%,-6.06%,29.39%,5.62%,452.5,0.10%,"844,177"
2765,NOVT,5.38B,74.17,36.8,21.19,6.1,7.98,51.2,60.61,7.66%,25.40%,6.77%,3.50%,8.03%,150.02,-2.90%,"190,179"
2770,NPO,3.15B,140.77,17.64,27.6,2.97,2.21,8.51,18.1,13.40%,14.11%,-11.00%,5.10%,-2.18%,149.26,-1.82%,"90,442"
2786,NS,2.74B,30.19,14.0,1.04,1.68,9.45,988.94,7.47,86.91%,14.93%,-6.70%,28.90%,1.55%,21.65,0.79%,"997,584"
2787,NSA,2.82B,23.53,289.02,2.14,3.29,2.68,32.16,6.95,-46.82%,-84.50%,84.04%,11.00%,21.61%,35.26,-1.59%,"882,382"
2788,NSC,54.27B,38.62,17.32,4.52,4.51,4.24,34.61,65.39,1.32%,16.62%,-3.35%,8.54%,1.77%,240.27,0.39%,"922,154"
2789,NSIT,5.90B,23.97,14.8,3.22,0.64,3.4,21.95,10.17,9.41%,15.39%,11.25%,7.44%,45.36%,181.0,0.08%,"336,341"
2790,NSP,3.98B,23.94,26.74,1.6,0.61,42.53,5.2,25.15,-36.29%,13.55%,6.80%,15.00%,11.34%,106.8,0.99%,"249,169"
2791,NSSC,1.46B,34.09,26.62,22.73,8.24,9.25,18.5,37.01,78.00%,14.87%,29.03%,1.50%,13.50%,39.73,1.85%,"249,740"
2794,NTAP,20.67B,22.73,14.92,2.74,3.35,20.75,7.08,17.83,15.66%,3.84%,68.98%,8.30%,1.73%,100.14,-0.76%,"1,031,353"
2799,NTIC,145.50M,32.53,15.43,1.63,1.76,2.13,30.06,23.62,188.89%,28.21%,-15.93%,20.00%,10.29%,15.43,-0.32%,"43,556"
2812,NUS,627.63M,75.01,8.55,11.02,0.32,0.76,2.34,10.43,485.29%,49.25%,-39.68%,6.81%,-5.51%,12.7,2.75%,"788,395"
2821,NVDA,2116.78B,70.93,27.81,1.87,34.75,48.54,81.46,78.34,94.38%,20.86%,48.41%,37.90%,46.68%,846.71,0.76%,"44,533,173"
2823,NVEE,1.42B,31.04,15.7,1.97,1.65,1.83,31.78,31.62,4.34%,13.54%,4.32%,15.75%,15.86%,89.46,-1.55%,"143,991"
2827,NVR,24.65B,16.63,15.12,3.02,2.65,5.45,7.67,16.73,6.65%,3.09%,18.92%,5.50%,6.32%,7702.26,0.42%,"21,476"
2839,NWPX,312.33M,15.12,11.31,1.51,0.7,0.93,76.74,8.88,10.69%,20.75%,0.03%,10.00%,23.13%,31.58,-1.53%,"29,139"
2842,NX,1.13B,13.0,13.11,0.87,1.02,2.04,25.51,10.46,-13.45%,9.77%,26.93%,15.00%,5.62%,34.24,-0.75%,"120,051"
2856,NYT,6.87B,29.75,22.35,2.19,2.83,3.9,15.21,20.33,3.25%,11.04%,13.25%,13.60%,6.95%,41.77,0.38%,"738,715"
2858,O,44.80B,41.31,31.43,1.83,10.94,1.19,192.36,15.5,22.85%,6.94%,-0.02%,22.62%,26.38%,52.03,1.46%,"4,957,102"
2867,OC,13.96B,12.24,10.72,1.59,1.44,2.71,8.6,11.7,-2.73%,6.71%,21.79%,7.70%,6.89%,160.52,-1.46%,"873,505"
2880,ODFL,45.24B,36.91,28.11,3.48,7.71,10.64,104.28,55.72,13.85%,15.34%,17.99%,10.60%,8.61%,207.82,-1.42%,"1,071,929"
2881,ODP,1.81B,14.56,7.2,1.18,0.23,1.66,4.61,8.0,2.26%,19.77%,12.66%,12.30%,-6.41%,49.38,-1.24%,"360,828"
2890,OGS,3.52B,15.04,15.02,3.01,1.49,1.27,89.43,12.91,-6.48%,7.14%,4.97%,5.00%,9.30%,62.29,1.37%,"259,102"
2895,OKE,45.42B,14.05,14.19,1.21,2.6,2.75,134.37,15.79,-9.34%,10.49%,14.52%,11.60%,15.36%,77.88,0.26%,"2,304,954"
2898,OLED,7.25B,36.06,27.23,4.05,12.57,5.01,14.09,76.29,10.84%,19.53%,27.89%,8.90%,20.71%,152.96,0.65%,"203,014"
2899,OLLI,4.44B,24.72,20.35,1.64,2.11,2.95,12.56,34.16,9.74%,11.25%,7.37%,15.10%,11.62%,72.29,1.60%,"661,806"
2901,OLN,6.36B,15.03,8.64,0.71,0.93,2.86,37.35,8.62,-3.60%,62.30%,12.91%,21.30%,3.01%,53.17,-0.02%,"678,810"
2903,OLP,462.19M,15.74,43.5,2.62,5.1,1.44,17.49,9.56,-60.87%,-7.41%,5.61%,6.00%,2.75%,21.75,1.59%,"59,376"
2906,OMC,18.12B,12.36,10.75,0.92,1.22,5.02,5.71,14.53,7.41%,6.98%,3.46%,13.40%,-0.56%,91.5,-1.03%,"1,585,330"
2910,OMF,5.74B,9.01,6.23,1.7,1.08,1.8,3.71,2.28,6.05%,33.41%,10.09%,5.30%,4.54%,47.9,1.40%,"759,123"
2915,ON,26.89B,12.87,12.51,2.79,3.26,3.45,10.82,61.34,-18.00%,18.93%,27.71%,4.61%,8.00%,62.93,-2.39%,"8,248,240"
2925,ONTO,8.73B,72.34,29.97,6.03,10.7,5.02,12.51,58.41,25.00%,27.11%,7.12%,12.00%,28.80%,177.63,-2.37%,"692,661"
2949,ORCL,318.83B,30.65,18.83,2.77,6.07,56.67,32.19,26.01,9.14%,10.23%,29.43%,11.06%,5.07%,116.0,-2.25%,"6,639,907"
2965,OSK,7.72B,12.96,10.52,1.17,0.8,2.08,61.53,28.13,3.91%,7.85%,7.60%,11.12%,5.39%,117.66,-0.80%,"305,202"
2972,OTTR,3.44B,11.76,19.2,1.31,2.55,2.38,14.92,29.3,-24.29%,-19.12%,27.66%,9.00%,9.20%,82.29,0.19%,"137,105"
2978,OVV,13.86B,6.54,6.98,0.5,1.29,1.35,4619.66,9.83,-7.49%,15.92%,7.25%,13.10%,21.36%,51.53,-0.43%,"1,958,042"
2981,OXM,1.61B,27.92,10.09,2.79,1.03,2.94,212.07,9.47,-6.74%,7.92%,-0.62%,10.00%,11.10%,103.12,0.68%,"189,288"
2983,OXY,58.54B,16.91,14.37,1.97,2.07,2.64,40.46,9.7,-1.95%,26.65%,-6.24%,8.60%,16.37%,66.04,0.09%,"7,010,703"
2990,PAG,9.88B,9.53,10.1,95.31,0.33,2.09,102.49,168.6,-13.66%,5.09%,22.88%,0.10%,5.99%,147.48,-1.03%,"187,687"
2992,PAHC,528.12M,35.69,10.56,14.87,0.54,1.95,5.71,14.27,-8.88%,11.97%,-12.91%,2.40%,3.72%,13.04,1.32%,"78,597"
3004,PAY,2.43B,110.12,43.09,3.32,3.95,5.64,13.25,35.56,16.88%,21.50%,23.55%,33.20%,27.09%,19.58,2.62%,"235,276"
3005,PAYC,10.64B,31.36,20.99,2.88,6.28,8.02,36.19,36.38,-0.45%,14.19%,20.26%,10.89%,24.64%,184.87,-1.06%,"613,939"
3008,PAYX,42.40B,25.69,23.69,3.37,8.13,11.32,23.94,22.09,10.11%,5.74%,9.34%,7.62%,8.29%,117.79,-1.13%,"2,297,691"
3019,PCAR,59.61B,12.98,13.07,1.92,1.7,3.75,6.62,20.36,-14.78%,6.27%,16.07%,6.76%,10.45%,113.76,-1.87%,"2,236,302"
3022,PCH,3.24B,52.72,46.28,10.54,3.16,1.49,14.08,52.88,49.15%,37.30%,-17.18%,5.00%,3.13%,40.75,-1.02%,"459,538"
3027,PCTY,8.87B,53.33,23.7,3.38,6.87,8.99,24.18,27.74,18.71%,8.70%,28.75%,15.80%,25.81%,157.5,0.40%,"444,782"
3043,PEG,32.46B,12.7,16.19,2.42,3.36,2.09,421.54,67.48,5.47%,9.57%,12.62%,5.25%,0.79%,65.1,0.11%,"2,150,610"
3044,PEGA,4.90B,82.54,18.24,5.69,3.42,13.84,11.58,24.38,10.77%,16.52%,44.26%,14.50%,10.08%,58.4,-0.92%,"251,384"
3049,PEP,236.77B,26.26,19.53,3.76,2.59,12.79,23.67,29.88,7.09%,8.12%,-5.66%,6.99%,7.23%,172.27,1.65%,"5,464,612"
3061,PFGC,10.59B,24.79,13.36,1.57,0.18,2.71,645.51,16.47,10.53%,18.71%,6.02%,15.79%,28.04%,68.04,-0.69%,"794,525"
3062,PFIE,87.12M,8.31,10.28,0.4,1.5,1.52,6.42,14.92,-18.18%,0.00%,12.18%,21.00%,12.87%,1.85,6.32%,"201,512"
3070,PG,370.11B,26.34,22.64,3.28,4.41,7.75,46.91,25.08,9.42%,7.64%,9.96%,8.04%,4.20%,157.29,0.21%,"7,342,514"
3077,PH,69.10B,26.63,20.39,2.36,3.49,6.11,175.43,24.19,13.43%,7.96%,15.42%,11.29%,6.25%,538.09,-0.46%,"393,023"
3081,PHM,22.48B,9.02,8.19,2.01,1.4,2.17,12.15,10.66,1.37%,8.89%,26.99%,4.50%,9.95%,105.96,-0.18%,"1,901,889"
3087,PII,4.89B,9.94,9.34,0.66,0.55,3.45,13.29,8.88,-13.21%,16.55%,10.70%,15.00%,8.11%,86.53,-0.27%,"581,682"
3090,PINC,2.49B,14.91,8.86,8.28,1.89,1.04,6.71,13.09,-13.98%,9.14%,0.99%,1.80%,3.69%,20.79,0.73%,"1,439,683"
3093,PIPR,3.25B,37.19,11.84,3.72,2.38,2.57,8.48,11.43,25.86%,32.92%,5.92%,10.00%,17.59%,183.84,-0.65%,"83,562"
3096,PJT,2.18B,28.66,18.83,1.17,1.89,9.02,5.0,4.99,12.41%,31.80%,21.83%,24.40%,16.07%,91.25,-1.05%,"272,732"
3097,PK,3.40B,35.07,21.15,4.38,1.26,0.89,4.53,14.58,43.11%,18.41%,-28.19%,8.00%,17.05%,16.13,-1.04%,"2,139,831"
3101,PKOH,301.66M,37.31,5.81,2.87,0.18,1.08,5.5,13.53,10.26%,17.28%,-31.99%,13.00%,0.86%,23.08,-0.99%,"22,578"
3104,PLAB,1.65B,11.73,10.87,1.17,1.84,1.57,3.17,9.58,5.39%,11.63%,28.11%,10.00%,10.98%,26.09,-1.62%,"318,747"
3106,PLAY,2.16B,19.17,10.22,3.26,0.98,8.6,57.94,63.57,46.46%,24.42%,-0.36%,5.88%,40.19%,53.63,-0.35%,"1,183,684"
3116,PLOW,505.79M,22.13,11.01,1.48,0.89,2.18,20.94,314.16,41.25%,40.19%,-11.94%,15.00%,2.37%,22.01,0.92%,"264,906"
3123,PLUS,2.03B,15.86,13.92,3.17,0.95,2.31,14.27,7.69,1.70%,5.94%,17.81%,5.00%,10.97%,75.28,-0.20%,"188,650"
3125,PLXS,2.57B,20.73,15.25,2.55,0.63,2.02,11.07,25.23,-23.80%,40.68%,66.69%,8.13%,8.05%,93.18,-0.53%,"108,845"
3131,PMT,1.15B,8.23,9.25,1.98,0.71,0.81,2.81,0.87,-21.06%,11.47%,-3.84%,4.15%,447.48%,13.27,0.30%,"640,899"
3141,PNTG,596.90M,44.9,19.36,1.1,1.1,4.24,98.5,23.9,19.86%,17.43%,-4.58%,41.00%,13.81%,19.89,-0.60%,"129,789"
3146,PODD,11.53B,56.56,42.9,3.13,6.8,15.72,16.38,165.25,2.52%,27.39%,122.47%,18.10%,24.75%,164.73,-0.92%,"589,071"
3150,POST,6.25B,23.14,16.03,0.47,0.85,1.58,37.62,12.62,3.58%,16.07%,-4.76%,48.90%,3.09%,102.92,1.51%,"346,283"
3156,PPG,31.80B,25.24,14.39,2.42,1.74,4.06,20.01,17.08,10.64%,10.65%,-0.41%,10.43%,3.95%,135.11,0.11%,"2,316,955"
3162,PR,9.29B,14.83,9.13,1.24,2.98,1.47,125.83,22.14,35.37%,12.13%,10.57%,12.00%,39.65%,17.18,-2.05%,"7,267,993"
3168,PRDO,1.12B,7.82,7.72,0.52,1.57,1.32,1.85,10.56,-6.42%,7.84%,23.04%,15.00%,4.15%,16.99,0.92%,"855,762"
3169,PRFT,1.53B,15.84,9.62,1.32,1.68,2.81,11.84,11.07,2.48%,12.12%,30.32%,12.00%,13.03%,43.64,-2.11%,"365,058"
3170,PRG,1.35B,10.42,9.65,0.92,0.56,2.28,8.68,6.93,-22.03%,11.76%,1.42%,11.30%,-6.23%,30.86,0.59%,"269,384"
3171,PRGS,2.17B,32.51,10.02,16.26,3.03,4.75,16.28,11.38,7.90%,6.76%,7.86%,2.00%,12.97%,50.19,-0.79%,"539,567"
3173,PRIM,2.30B,18.58,12.25,1.86,0.4,1.86,10.31,24.12,6.57%,15.91%,9.19%,10.00%,14.79%,43.13,-0.07%,"600,852"
3176,PRLB,798.86M,47.0,17.41,1.88,1.59,1.15,7.77,17.69,2.33%,9.65%,-25.22%,25.00%,2.65%,31.06,-0.35%,"98,803"
3200,PSMT,2.46B,20.2,16.93,1.35,0.53,2.25,9.23,32.72,31.14%,3.49%,7.51%,15.00%,6.93%,80.42,1.30%,"165,858"
3201,PSN,8.23B,55.15,24.32,6.27,1.51,3.6,30.17,22.42,17.12%,12.40%,-8.68%,8.80%,9.58%,77.8,-0.97%,"607,507"
3209,PTC,21.00B,88.76,28.91,5.56,9.63,7.48,79.26,35.84,13.84%,23.01%,36.14%,15.95%,11.32%,175.7,-1.00%,"825,571"
3218,PTSI,307.98M,16.87,7.03,0.84,0.38,0.98,2.14,3.82,16.87%,105.15%,-3.15%,20.00%,11.18%,13.98,-2.65%,"18,981"
3226,PVH,6.13B,9.79,8.4,0.73,0.67,1.2,8.67,8.46,2.66%,15.41%,2.18%,13.40%,0.73%,106.31,0.53%,"894,302"
3232,PWR,35.81B,49.09,25.62,2.85,1.71,5.7,27.67,31.38,16.43%,15.03%,21.34%,17.22%,14.12%,245.68,-0.11%,"1,071,296"
3236,PXD,62.60B,13.24,11.82,6.62,3.23,2.7,165.18,16.92,2.61%,6.43%,28.84%,2.00%,29.21%,267.97,0.07%,"1,413,170"
3240,PYPL,65.37B,16.14,10.93,0.82,2.2,3.16,4.65,15.49,0.79%,10.55%,17.54%,19.80%,14.06%,62.1,-1.83%,"9,210,976"
3252,QLYS,6.02B,40.35,28.52,5.04,10.92,16.32,14.1,25.54,-1.30%,9.78%,24.14%,8.00%,14.62%,162.84,0.06%,"374,974"
3278,RBA,13.27B,85.87,20.52,12.27,3.61,2.64,17.74,30.39,7.06%,10.36%,-1.55%,7.00%,30.92%,72.49,-0.98%,"522,993"
3281,RBC,7.08B,40.57,25.69,6.88,4.6,2.63,98.95,30.75,13.37%,11.46%,6.70%,5.90%,24.48%,242.79,-1.52%,"152,875"
3287,RC,1.46B,3.67,6.71,0.26,1.21,0.6,8.67,44.2,-5.14%,12.81%,4.07%,14.21%,31.22%,8.47,0.00%,"1,065,094"
3292,RCKY,191.84M,18.38,8.63,1.84,0.42,0.86,42.92,2.75,20.21%,29.31%,-6.25%,10.00%,17.94%,25.89,-2.71%,"19,047"
3293,RCL,32.76B,20.72,10.91,0.75,2.36,6.93,65.91,56.48,47.63%,17.05%,-6.87%,27.50%,87.82%,127.64,-0.26%,"1,980,202"
3295,RCMT,151.65M,9.66,8.11,0.64,0.58,5.81,24.15,15.88,-2.13%,14.04%,54.89%,15.00%,8.35%,19.1,2.08%,"88,470"
3302,RDNT,3.48B,52900.0,55.75,3526.67,2.15,5.13,10.15,78.56,1160.00%,35.56%,-41.06%,15.00%,11.14%,47.61,-0.40%,"421,329"
3312,REGN,98.12B,25.72,18.73,3.5,7.48,3.77,9.05,25.32,4.18%,4.64%,10.31%,7.36%,19.99%,893.99,-0.80%,"450,576"
3313,REI,389.92M,3.66,4.05,0.1,1.08,0.49,1299.74,9.08,-12.25%,8.75%,29.41%,37.00%,35.06%,1.97,-1.99%,"1,217,608"
3325,REVG,1.10B,5.23,10.32,0.27,0.42,2.55,12.49,45.35,7.84%,39.77%,31.11%,19.01%,2.26%,21.15,-0.42%,"515,229"
3326,REX,967.75M,15.93,14.44,1.99,1.16,1.88,2.54,10.72,-48.99%,116.38%,-6.74%,8.00%,18.39%,55.3,-3.24%,"184,009"
3327,REXR,10.03B,39.46,34.32,3.95,12.21,1.19,29.77,62.32,-6.18%,19.78%,22.03%,10.00%,30.15%,43.19,2.25%,"4,558,912"
3328,REYN,5.87B,19.7,16.26,1.86,1.56,2.96,51.07,10.88,13.96%,6.23%,11.07%,10.60%,3.77%,27.95,-0.39%,"516,352"
3335,RGEN,8.76B,217.93,75.89,12.13,13.71,4.44,11.66,116.9,-16.68%,41.93%,15.08%,17.96%,31.42%,157.06,-2.44%,"759,238"
3340,RGP,373.60M,16.77,11.63,2.1,0.56,0.9,3.28,10.7,-67.75%,47.29%,21.39%,8.00%,4.33%,11.05,0.36%,"338,653"
3346,RHI,7.32B,17.96,15.62,0.58,1.14,4.61,10.0,12.38,-13.01%,31.90%,1.65%,31.00%,3.13%,69.56,0.36%,"1,343,623"
3347,RHP,6.24B,20.21,20.17,1.3,2.89,10.85,8.92,11.21,-20.13%,21.13%,0.85%,15.51%,29.88%,104.58,-1.70%,"613,808"
3348,RICK,468.19M,17.85,8.97,0.45,1.57,1.63,22.13,18.8,-21.97%,45.82%,7.84%,40.00%,15.34%,50.02,-0.12%,"57,597"
3352,RITM,5.15B,9.67,5.84,0.68,1.36,0.9,3.08,4.67,-19.03%,9.33%,-17.08%,14.14%,30.65%,10.65,1.24%,"1,517,021"
3358,RL,10.06B,17.85,13.96,1.19,1.52,3.91,5.24,12.96,23.07%,9.80%,30.87%,15.00%,3.49%,157.33,-1.21%,"1,079,488"
3360,RLGT,231.32M,22.18,13.94,0.9,0.26,1.12,7.04,6.58,-58.74%,104.09%,21.04%,24.60%,8.71%,4.93,-1.00%,"113,407"
3365,RM,242.73M,15.13,4.0,0.63,0.44,0.75,1.89,0.99,135.84%,58.71%,-10.68%,24.00%,12.56%,24.87,0.04%,"40,654"
3372,RMD,26.12B,29.42,21.56,2.26,5.8,5.83,124.26,27.14,15.74%,10.51%,22.66%,13.00%,12.58%,177.61,2.17%,"1,583,061"
3386,ROCK,2.16B,19.79,13.34,0.99,1.57,2.36,21.76,10.58,13.87%,13.89%,12.86%,20.00%,7.44%,71.08,-0.59%,"128,655"
3389,ROIC,1.54B,44.43,39.66,5.55,4.69,1.19,182.36,10.41,-0.22%,13.14%,-6.20%,8.00%,2.18%,12.09,0.92%,"838,809"
3390,ROK,31.34B,26.01,20.67,3.97,3.44,8.69,71.21,27.57,-2.16%,11.57%,23.17%,6.56%,6.62%,273.5,-1.85%,"1,124,610"
3392,ROL,20.54B,47.81,38.41,3.74,6.68,17.78,195.9,41.41,12.90%,9.95%,13.46%,12.80%,11.05%,42.44,-1.33%,"2,055,077"
3394,ROP,56.43B,41.53,26.96,5.39,9.13,3.23,263.32,28.69,8.40%,7.95%,7.03%,7.70%,3.91%,527.27,0.15%,"461,435"
3395,ROST,44.19B,23.69,20.1,1.68,2.17,9.07,9.04,25.23,6.78%,10.45%,5.45%,14.10%,8.79%,131.8,-0.75%,"1,505,683"
3400,RPM,13.83B,24.74,19.36,1.77,1.88,5.89,55.55,13.26,14.93%,12.21%,8.25%,13.97%,6.49%,107.38,0.02%,"537,337"
3401,RPRX,12.46B,11.0,6.39,3.44,5.29,1.91,25.15,4.11,-12.01%,10.68%,2.23%,3.20%,5.78%,27.89,1.01%,"2,091,901"
3409,RS,18.39B,14.16,15.93,3.93,1.24,2.37,17.02,15.29,-10.42%,-0.80%,20.94%,3.60%,8.63%,320.16,-0.61%,"147,697"
3410,RSG,59.52B,34.57,28.11,3.89,3.98,5.64,425.16,29.96,6.87%,12.14%,11.58%,8.89%,8.56%,188.97,0.01%,"1,586,281"
3415,RTX,133.91B,44.99,16.35,3.98,1.94,2.23,20.33,24.49,6.74%,14.02%,-19.30%,11.29%,2.73%,100.71,-0.04%,"4,237,866"
3427,RWAY,511.24M,11.53,7.0,1.28,3.51,0.93,11.37,9.04,-5.39%,-1.26%,30.97%,9.00%,56.80%,12.62,0.32%,"242,070"
3435,RYAN,5.97B,98.57,23.73,5.05,2.84,10.65,7.12,13.34,27.66%,20.30%,-3.68%,19.50%,28.99%,50.29,-0.08%,"695,059"
3436,RYI,1.08B,7.81,9.48,25.2,0.21,1.2,19.56,4.46,-48.04%,58.49%,7.80%,0.31%,7.01%,31.85,-0.31%,"153,242"
3437,RYN,4.50B,26.23,51.09,5.25,4.25,2.41,20.92,20.73,34.55%,22.23%,8.18%,5.00%,9670.95%,30.25,-0.13%,"313,261"
3443,SACH,150.89M,11.4,7.66,0.25,2.33,0.65,1.62,6.98,71.88%,-3.49%,-11.49%,45.00%,43.61%,3.18,0.00%,"238,322"
3448,SAIA,13.89B,39.39,26.3,2.09,4.82,7.13,46.91,100.63,23.43%,21.41%,27.13%,18.88%,12.16%,522.53,-3.47%,"341,274"
3449,SAIC,6.36B,13.91,13.69,3.16,0.85,3.59,64.92,17.24,2.62%,11.26%,23.38%,4.40%,10.63%,123.18,-1.20%,"209,788"
3450,SAM,3.42B,45.85,23.38,1.64,1.7,3.2,11.47,17.03,59.94%,22.70%,-4.70%,27.89%,16.14%,284.87,1.70%,"118,976"
3451,SAMG,134.05M,14.74,8.42,1.68,1.14,1.62,1.91,7.84,39.29%,7.69%,-3.63%,8.80%,4.03%,14.14,-0.56%,"24,882"
3468,SBH,1.11B,6.69,5.31,0.22,0.3,2.05,9.15,7.43,2.09%,6.51%,-4.12%,29.90%,-0.87%,10.56,2.42%,"1,371,585"
3471,SBRA,3.11B,229.97,20.86,31.5,4.75,1.11,66.54,10.32,861.53%,11.59%,-47.68%,7.30%,1.01%,13.43,-0.22%,"3,022,765"
3479,SCI,9.97B,19.36,16.94,1.61,2.43,6.48,44.92,19.65,5.18%,10.37%,8.08%,12.00%,5.38%,68.26,-0.36%,"686,034"
3488,SCS,1.35B,17.6,11.08,1.76,0.43,1.52,4.24,5.16,-2.15%,17.31%,-8.37%,10.00%,-0.20%,11.83,0.08%,"695,202"
3489,SCSC,1.02B,11.85,10.29,0.85,0.28,1.07,22.66,5.49,-11.34%,15.33%,21.84%,14.00%,0.20%,40.5,1.05%,"211,747"
3490,SCVL,880.64M,12.13,10.61,1.21,0.75,1.51,7.92,13.25,-2.10%,15.76%,16.91%,10.00%,3.83%,32.46,-0.58%,"111,300"
3504,SEE,4.55B,13.43,9.61,1.47,0.83,8.27,13.14,16.72,-10.08%,14.49%,20.22%,9.12%,3.14%,31.47,1.09%,"1,089,493"
3507,SEIC,8.68B,19.09,14.73,1.59,4.52,4.06,10.02,20.56,19.36%,8.51%,1.96%,12.00%,3.56%,66.01,-0.11%,"356,994"
3509,SEM,3.39B,13.85,12.36,0.44,0.51,2.63,40.38,9.61,1.95%,5.43%,13.25%,31.82%,5.64%,26.43,-0.75%,"550,307"
3520,SF,7.70B,17.5,9.59,1.23,1.49,1.64,2.18,13.55,43.64%,16.20%,3.18%,14.18%,46.40%,74.88,0.63%,"412,380"
3524,SFM,6.39B,25.22,20.14,2.94,0.93,5.56,31.33,26.64,2.77%,7.37%,15.43%,8.58%,5.81%,63.1,1.09%,"1,116,492"
3528,SGA,139.23M,14.67,13.23,7.34,1.23,0.83,3.47,12.63,8.55%,4.24%,-7.66%,2.00%,-1.26%,22.75,1.65%,"22,005"
3550,SHLS,1.40B,33.12,9.38,2.24,2.86,2.56,61.61,17.19,-7.23%,45.20%,19.43%,14.80%,37.02%,8.21,-0.85%,"3,349,293"
3551,SHO,2.05B,10.75,34.22,0.54,2.08,1.09,4.15,23.29,-78.24%,45.26%,-2.30%,19.90%,19.50%,10.06,-0.59%,"1,126,716"
3552,SHOO,2.85B,16.74,12.93,1.67,1.44,3.42,12.98,13.6,6.93%,13.82%,8.93%,10.00%,7.23%,38.55,-0.67%,"611,595"
3556,SHW,78.61B,33.49,24.12,2.94,3.41,21.19,284.01,29.85,10.71%,11.94%,18.91%,11.38%,5.68%,309.38,-0.25%,"1,123,157"
3557,SHYF,352.36M,55.85,12.08,3.72,0.4,1.4,35.38,9.92,-27.31%,116.56%,-15.27%,15.00%,11.43%,10.27,-1.34%,"611,533"
3562,SIGA,585.07M,8.59,7.48,8.59,4.18,2.97,3.9,6.17,24.21%,-6.78%,-28.78%,1.00%,57.81%,8.23,-3.29%,"714,178"
3580,SKT,2.92B,29.12,30.23,4.35,6.29,5.15,133.03,12.34,-13.97%,12.11%,15.12%,6.70%,-0.75%,26.82,1.28%,"598,273"
3582,SKX,8.72B,16.29,12.31,1.13,1.09,2.16,6.9,9.6,15.12%,18.33%,12.67%,14.40%,12.64%,56.86,0.60%,"1,203,643"
3583,SKY,4.24B,21.0,22.64,13.12,2.14,2.97,8.51,19.64,-54.09%,0.83%,126.86%,1.60%,19.47%,73.36,-1.45%,"227,377"
3587,SKYW,2.74B,77.97,9.0,5.13,0.93,1.29,3.28,6.52,751.80%,15.27%,-32.02%,15.21%,-0.04%,68.03,1.95%,"551,076"
3591,SLB,72.49B,17.5,12.29,0.89,2.19,3.6,18.17,15.43,18.24%,17.60%,13.74%,19.70%,1.93%,50.94,0.26%,"8,409,444"
3597,SLGN,4.99B,15.7,11.77,3.14,0.83,2.64,7.76,19.5,6.75%,9.66%,8.26%,5.00%,6.44%,46.84,0.11%,"335,781"
3603,SLP,887.31M,85.75,55.17,5.72,13.72,5.01,8.18,52.16,34.01%,22.59%,-0.55%,15.00%,15.04%,44.41,-0.65%,"98,447"
3610,SM,5.56B,6.99,6.75,0.87,2.34,1.54,9.02,11.71,3.26%,16.98%,8.90%,8.00%,19.87%,48.04,-2.54%,"1,300,742"
3623,SMP,703.63M,11.29,9.15,1.61,0.52,1.11,21.63,6.09,3.42%,16.23%,8.73%,7.00%,4.62%,32.1,0.60%,"126,315"
3624,SMPL,3.24B,23.27,16.64,2.94,2.56,1.97,23.85,16.41,12.06%,6.64%,6.73%,7.92%,24.60%,32.41,-1.01%,"625,528"
3632,SNA,13.83B,13.74,13.06,3.62,2.7,2.72,12.34,12.49,1.33%,5.44%,9.59%,3.80%,4.86%,261.76,-7.67%,"861,715"
3650,SNPS,79.28B,57.24,33.59,3.05,12.91,11.88,62.18,60.32,19.69%,15.53%,22.96%,18.77%,13.50%,519.71,-1.49%,"1,177,478"
3655,SNX,9.91B,16.51,8.62,2.26,0.18,1.22,9.62,5.69,6.99%,9.59%,-1.35%,7.30%,30.41%,113.75,-1.04%,"798,743"
3673,SP,1.01B,32.72,13.03,3.27,0.57,4.04,53.09,29.48,21.01%,17.66%,-7.75%,10.00%,6.68%,51.21,-0.60%,"178,474"
3678,SPG,45.75B,20.2,21.85,2.35,8.09,15.34,21.09,12.73,-11.12%,3.56%,0.03%,8.60%,0.64%,140.37,-0.40%,"990,259"
3680,SPGI,132.38B,50.21,25.76,3.9,10.59,3.89,100.52,37.11,11.85%,13.87%,1.26%,12.88%,15.23%,413.37,0.31%,"1,154,981"
3681,SPH,1.22B,11.94,7.6,2.98,0.87,2.22,194.0,7.57,-4.83%,22.51%,9.19%,4.00%,1.94%,19.03,-0.31%,"115,019"
3694,SPSC,6.05B,92.85,43.56,6.19,11.27,9.0,21.97,53.76,10.76%,18.63%,20.97%,15.00%,16.76%,163.13,0.88%,"220,014"
3699,SPXC,5.38B,37.94,21.03,2.11,3.09,4.5,54.09,29.12,15.43%,12.46%,12.13%,18.00%,4.02%,117.67,0.14%,"209,771"
3707,SRDX,375.79M,68.0,523.3,6.8,2.72,3.08,10.69,38.11,-721.05%,105.08%,20.22%,10.00%,11.28%,26.39,-0.49%,"140,406"
3720,SSD,7.73B,22.02,18.56,4.4,3.49,4.59,17.98,22.85,5.78%,12.25%,24.88%,5.00%,16.02%,182.05,1.82%,"380,240"
3723,SSNC,14.94B,25.32,10.74,3.22,2.72,2.35,4.98,12.9,10.25%,10.73%,41.30%,7.87%,10.63%,60.47,0.38%,"699,007"
3730,SSTK,1.45B,13.48,10.31,1.04,1.66,2.76,14.45,15.14,-20.99%,15.28%,14.53%,13.00%,7.11%,40.86,0.74%,"367,244"
3736,STAG,6.25B,32.21,38.82,4.6,8.83,1.85,285.86,22.07,-24.85%,10.13%,6.10%,7.00%,15.13%,34.38,-1.29%,"1,250,442"
3750,STLD,21.52B,9.32,14.06,0.33,1.15,2.46,10.14,11.56,-22.99%,-14.90%,22.30%,28.06%,15.47%,136.07,-2.06%,"1,332,778"
3754,STRL,3.04B,22.07,17.33,2.01,1.54,4.91,6.45,7.34,11.56%,13.77%,36.83%,11.00%,14.19%,98.32,-1.79%,"335,781"
3764,STWD,6.00B,17.91,9.68,3.59,2.91,0.96,19.23,17.65,-4.71%,1.25%,-5.46%,4.99%,14.40%,19.14,0.68%,"1,288,038"
3767,STZ,47.29B,27.56,17.08,2.47,4.75,4.99,310.28,31.3,13.11%,11.03%,-11.78%,11.14%,4.20%,258.68,0.53%,"1,160,749"
3769,SUM,6.75B,16.12,15.25,1.08,2.58,1.99,5.75,36.83,29.01%,23.72%,51.73%,14.90%,4.55%,38.47,-1.43%,"960,853"
3786,SWKS,15.66B,17.3,11.9,1.15,3.37,2.51,14.98,9.27,-18.85%,18.68%,4.11%,15.00%,6.66%,97.62,-0.86%,"2,092,365"
3787,SWN,8.02B,5.16,6.21,0.25,1.23,1.36,381.84,23.18,-12.56%,100.08%,8.75%,21.00%,42.40%,7.28,0.14%,"7,943,954"
3791,SXC,891.42M,15.72,14.99,1.96,0.43,1.45,6.36,6.38,25.74%,-16.96%,11.11%,8.00%,8.58%,10.64,-0.93%,"488,057"
3792,SXI,1.98B,14.36,20.5,1.03,2.69,3.17,13.91,24.25,7.61%,12.90%,32.24%,14.00%,-0.22%,166.85,-0.08%,"39,945"
3793,SXT,2.89B,30.87,20.71,8.12,1.98,2.73,99.86,35.3,4.37%,10.39%,-9.80%,3.80%,1.03%,68.23,0.60%,"289,005"
3797,SYF,16.60B,7.88,6.94,0.61,0.96,1.26,1.16,1.93,7.87%,4.95%,6.75%,13.00%,4.33%,40.8,2.82%,"4,167,330"
3798,SYK,124.52B,39.71,24.62,3.57,6.07,6.69,40.78,39.71,11.97%,12.06%,-2.45%,11.12%,8.80%,327.45,-2.55%,"2,088,484"
3806,SYY,37.66B,18.45,16.03,1.51,0.49,15.85,39.14,15.76,7.69%,9.24%,5.16%,12.20%,6.47%,75.64,0.27%,"2,139,509"
3807,T,116.81B,8.32,7.07,11.67,0.95,1.13,17.17,5.71,-8.02%,4.16%,-7.15%,0.71%,-5.92%,16.33,1.30%,"29,535,064"
3808,TACT,46.41M,9.86,33.29,0.49,0.64,1.18,3.77,10.07,-138.98%,160.87%,-7.49%,20.00%,10.39%,4.66,-2.51%,"23,135"
3812,TAP,13.58B,14.64,10.7,1.61,1.16,1.03,15.63,9.65,4.42%,5.30%,-3.26%,9.09%,1.88%,63.88,0.54%,"1,507,534"
3815,TASK,961.18M,22.62,7.66,2.57,1.04,2.18,7.64,8.53,-3.65%,11.30%,8.03%,8.80%,28.63%,10.84,-0.73%,"170,482"
3833,TCMD,335.97M,11.91,15.25,2.38,1.22,1.72,5.5,10.06,-55.43%,63.44%,29.16%,5.00%,14.31%,14.14,-0.14%,"125,145"
3836,TCPC,872.17M,15.3,6.43,1.28,4.17,0.86,7.77,9.43,517.00%,-6.32%,-2.90%,12.00%,1.90%,10.19,0.49%,"289,686"
3840,TDC,3.58B,61.59,13.62,4.85,1.95,26.65,7.37,10.05,6.40%,22.51%,19.59%,12.70%,-3.08%,36.75,1.21%,"784,070"
3846,TDY,18.96B,21.64,17.95,3.58,3.36,2.05,29.24,26.29,4.49%,8.34%,15.43%,6.04%,15.66%,400.14,-0.03%,"187,278"
3848,TECH,9.78B,44.86,30.43,6.81,8.54,4.98,72.09,43.39,-11.31%,15.85%,16.30%,6.59%,12.42%,62.21,-0.83%,"1,174,667"
3856,TER,15.33B,36.65,21.28,4.77,5.74,6.06,18.7,36.01,-0.59%,61.69%,3.09%,7.68%,6.75%,100.2,-1.83%,"2,113,572"
3858,TEX,4.00B,7.9,8.43,1.91,0.78,2.36,10.8,12.06,-1.35%,1.86%,39.20%,4.12%,4.73%,59.77,-1.55%,"864,096"
3864,TFX,9.76B,27.53,13.67,3.82,3.28,2.24,43.79,23.28,1.63%,10.44%,11.91%,7.20%,4.08%,207.38,-0.44%,"154,319"
3869,TGLS,2.66B,14.7,13.3,15.64,3.19,4.85,20.07,39.64,0.96%,7.59%,74.09%,0.94%,19.18%,56.54,-1.07%,"270,765"
3870,TGNA,2.38B,5.98,6.3,0.6,0.82,0.9,6.6,4.48,84.10%,-32.93%,4.05%,10.00%,6.43%,13.54,2.03%,"1,322,971"
3871,TGT,76.91B,18.63,15.81,1.02,0.72,5.73,20.21,20.16,5.12%,12.15%,10.17%,18.34%,7.62%,166.58,1.28%,"3,107,652"
3873,TH,1.09B,6.88,15.77,0.46,1.94,2.93,10.52,12.47,-59.19%,8.38%,67.10%,15.00%,23.51%,10.88,2.26%,"511,862"
3875,THC,9.11B,15.62,12.65,2.41,0.44,5.66,7.42,5.61,-10.50%,15.29%,40.40%,6.49%,2.48%,91.08,-5.12%,"2,381,406"
3880,THO,5.22B,19.39,12.49,3.29,0.5,1.33,15.34,9.22,-25.67%,51.77%,-3.11%,5.90%,9.94%,97.9,-0.64%,"464,345"
3881,THR,999.50M,20.53,15.25,1.71,2.04,2.14,17.45,23.5,15.31%,8.10%,22.61%,12.00%,4.40%,29.65,-0.44%,"204,896"
3883,THRM,1.58B,40.81,15.17,1.63,1.08,2.46,10.58,19.4,6.12%,20.48%,1.05%,25.00%,7.66%,50.22,-0.52%,"137,394"
3887,TILE,868.93M,19.73,11.23,0.6,0.69,2.04,7.86,7.5,3.75%,28.19%,-2.24%,33.10%,2.03%,14.93,0.34%,"554,096"
3892,TJX,104.98B,23.99,20.51,2.05,1.94,14.38,18.75,24.22,5.86%,10.55%,9.70%,11.68%,9.32%,92.66,-0.50%,"3,290,776"
3895,TKR,5.90B,15.45,12.25,1.29,1.24,2.29,13.09,16.52,-14.11%,13.45%,7.18%,12.00%,6.21%,84.19,0.43%,"529,735"
3906,TMO,206.70B,35.05,22.43,5.2,4.82,4.48,25.57,29.84,-0.10%,12.15%,16.37%,6.74%,12.53%,541.52,-1.05%,"2,075,781"
3909,TMUS,190.91B,23.19,14.46,0.91,2.43,2.97,36.46,21.8,28.18%,25.25%,15.59%,25.48%,14.25%,160.85,0.47%,"3,176,065"
3910,TNC,2.18B,19.69,16.76,1.31,1.75,3.68,18.63,13.27,-1.73%,6.01%,26.19%,15.00%,2.44%,114.73,-0.80%,"110,251"
3912,TNET,6.55B,19.92,17.38,2.73,1.33,84.12,4.04,13.93,-13.15%,9.82%,19.89%,7.30%,7.12%,129.5,0.29%,"289,289"
3925,TPB,475.74M,13.33,9.31,2.34,1.17,3.15,4.04,7.78,33.83%,7.81%,9.52%,5.70%,4.31%,27.0,1.54%,"73,430"
3933,TPL,13.40B,33.15,7.96,1.65,21.21,12.85,18.48,37.43,-8.60%,248.00%,14.40%,20.03%,16.00%,582.4,-0.44%,"63,109"
3934,TPR,9.29B,10.23,8.85,0.93,1.38,3.49,1.24,7.17,9.08%,8.11%,23.01%,11.00%,3.32%,40.5,0.02%,"3,813,735"
3944,TREX,9.55B,46.6,34.86,2.38,8.73,13.33,4874.05,42.77,19.13%,13.85%,10.63%,19.60%,10.88%,87.95,0.21%,"765,988"
3947,TRIP,3.48B,410.57,12.95,15.21,1.95,3.99,3.26,20.24,20.53%,25.38%,-38.38%,27.00%,13.98%,25.25,-0.59%,"1,472,665"
3949,TRMB,14.22B,46.29,19.12,4.63,3.74,3.17,61.86,25.61,2.61%,10.87%,2.29%,10.00%,4.30%,57.86,-1.08%,"905,853"
3953,TRNO,5.24B,30.69,33.38,3.07,16.19,1.64,31.52,41.38,-17.13%,9.33%,10.57%,10.00%,17.08%,54.75,-1.39%,"978,298"
3955,TRNS,929.36M,81.2,40.33,3.25,3.71,4.25,26.4,50.24,4.04%,29.98%,11.53%,25.00%,9.61%,105.25,0.52%,"39,155"
3957,TROW,24.31B,14.01,12.6,20.02,3.76,2.56,11.77,12.63,12.38%,1.19%,1.31%,0.70%,4.56%,108.72,-2.40%,"2,484,714"
3959,TRS,1.05B,26.31,11.58,2.82,1.17,1.54,29.96,30.78,14.91%,10.03%,-11.71%,9.34%,4.92%,25.48,1.76%,"340,206"
3973,TSCO,26.69B,24.51,21.9,4.6,1.83,12.42,67.23,46.01,1.43%,10.34%,18.53%,5.33%,13.33%,247.35,-0.02%,"825,952"
3982,TTC,8.82B,30.92,17.99,3.03,2.01,5.68,44.45,61.2,1.58%,9.87%,4.32%,10.20%,52.68%,84.51,0.27%,"377,011"
3983,TTD,39.51B,225.85,45.67,9.41,20.3,18.26,28.63,71.64,17.25%,19.77%,13.20%,24.00%,32.66%,80.81,0.85%,"1,903,983"
3985,TTEK,9.99B,43.29,27.21,8.84,2.06,6.5,50.28,30.53,8.51%,13.39%,16.08%,4.90%,9.32%,186.83,0.18%,"190,727"
3986,TTGT,777.99M,187.41,13.83,34.64,3.38,3.47,2.38,13.45,5.19%,8.89%,-19.11%,5.41%,17.79%,27.25,-0.66%,"95,615"
3999,TW,21.50B,58.95,33.07,3.49,16.07,3.99,12.59,29.66,19.41%,13.17%,8.96%,16.87%,15.33%,101.0,0.69%,"451,170"
4000,TWI,828.75M,9.2,7.17,0.37,0.45,1.48,3.76,6.99,-10.48%,11.94%,80.77%,25.00%,4.91%,11.42,-0.26%,"335,267"
4010,TXN,148.95B,23.15,25.69,2.31,8.5,8.8,17.37,110.41,-29.37%,27.56%,4.81%,10.00%,3.03%,163.67,-1.23%,"5,457,210"
4012,TXRH,10.06B,33.15,23.95,2.08,2.17,8.8,96.45,46.14,24.25%,11.39%,15.61%,15.93%,14.98%,150.46,0.72%,"788,459"
4013,TXT,17.81B,20.26,13.25,1.16,1.3,2.56,8.17,20.62,12.84%,10.78%,-1.11%,17.50%,-0.09%,92.58,0.40%,"810,300"
4015,TYL,17.04B,103.9,39.19,9.8,8.73,5.8,96.87,47.33,15.64%,14.00%,1.09%,10.60%,16.64%,402.95,0.03%,"221,555"
4017,TZOO,119.38M,11.35,7.17,0.57,1.41,20.64,7.6,11.46,29.06%,22.03%,16.38%,19.80%,-1.09%,9.03,2.15%,"52,142"
4033,UDR,11.78B,26.93,80.29,1.27,7.24,2.98,337.81,22.03,-72.06%,19.04%,12.55%,21.18%,9.32%,35.78,1.25%,"3,354,625"
4034,UE,1.91B,7.67,38.88,1.78,4.57,1.66,10.95,40.33,-84.83%,30.21%,18.09%,4.30%,1.18%,16.2,1.19%,"684,764"
4039,UFPI,6.81B,13.76,13.19,0.81,0.94,2.27,5.88,8.73,-4.40%,8.76%,27.41%,17.00%,13.82%,110.65,-0.89%,"413,714"
4047,UHS,10.33B,14.99,10.35,0.78,0.72,1.68,86.47,19.68,25.18%,12.46%,4.26%,19.22%,5.83%,153.65,-3.99%,"1,047,629"
4055,ULTA,20.52B,16.32,14.55,2.49,1.83,9.01,26.77,19.71,2.30%,9.72%,18.93%,6.55%,12.33%,425.11,0.13%,"848,613"
4062,UNF,2.80B,25.51,19.32,3.27,1.2,1.37,27.5,32.07,6.47%,7.99%,-7.61%,7.80%,5.75%,155.91,-0.16%,"128,408"
4068,UNP,140.13B,21.98,18.25,2.23,5.81,9.47,129.63,29.36,5.96%,13.71%,5.74%,9.86%,1.55%,229.81,0.25%,"1,570,166"
4075,UPS,121.85B,18.32,14.9,1.79,1.34,7.03,20.07,23.99,-7.70%,18.25%,7.20%,10.22%,5.15%,142.74,0.34%,"3,291,390"
4079,URBN,3.45B,12.14,9.52,0.44,0.67,1.63,7.43,11.15,9.34%,9.48%,2.34%,27.50%,6.44%,37.02,-0.13%,"1,104,351"
4082,URI,42.52B,17.9,13.36,2.36,2.97,5.24,117.14,67.07,6.98%,8.72%,21.88%,7.59%,12.85%,632.88,-0.52%,"499,227"
4084,USAP,240.23M,50.3,10.76,15.97,0.84,1.06,615.97,19.67,245.28%,32.79%,-16.16%,3.15%,5.35%,26.14,-0.42%,"99,802"
4090,USFD,12.23B,25.02,13.7,1.34,0.34,2.58,45.47,14.72,18.13%,17.36%,1.33%,18.65%,8.88%,49.95,-0.50%,"1,322,499"
4093,USM,2.95B,54.48,43.21,5.04,0.76,0.64,16.5,11.45,18.70%,7.22%,-18.48%,10.80%,-0.26%,34.64,1.88%,"172,880"
4094,USNA,836.36M,13.18,13.91,0.88,0.91,1.67,2.53,14.9,-17.42%,14.68%,-8.43%,15.00%,-4.58%,43.47,1.07%,"79,326"
4095,USPH,1.47B,72.76,31.55,9.57,2.43,3.07,9.61,19.99,8.42%,11.33%,-0.50%,7.60%,6.41%,97.49,-0.64%,"60,739"
4096,UTHR,11.15B,11.94,9.73,1.23,4.79,1.86,3.72,14.91,18.76%,3.53%,8.15%,9.70%,8.02%,236.93,0.69%,"471,119"
4107,V,545.17B,31.73,24.34,2.39,16.35,14.29,25.38,28.51,13.15%,12.33%,13.80%,13.29%,9.98%,271.37,-0.48%,"8,229,539"
4117,VC,2.96B,6.27,10.39,0.41,0.75,2.87,5.72,20.85,-51.89%,21.84%,25.92%,15.35%,6.95%,107.69,0.81%,"277,148"
4126,VEEV,32.19B,62.03,29.21,4.45,13.62,6.93,7.99,36.37,26.99%,11.12%,16.91%,13.95%,22.64%,199.54,0.17%,"850,276"
4145,VICI,28.69B,11.14,9.96,1.77,7.94,1.14,54.91,13.18,8.50%,3.05%,11.66%,6.30%,34.19%,27.52,1.18%,"4,865,747"
4146,VICR,1.54B,29.09,27.06,1.45,3.8,2.85,6.36,37.51,-59.66%,166.67%,8.86%,20.00%,7.36%,34.64,-0.17%,"210,416"
4166,VMC,33.73B,36.54,25.73,1.97,4.33,4.5,35.53,50.78,22.39%,15.70%,12.63%,18.55%,12.69%,255.07,-1.24%,"538,065"
4170,VMI,4.24B,29.68,12.9,2.97,1.02,3.13,20.89,20.19,-1.44%,10.09%,11.14%,10.00%,9.22%,209.72,-0.69%,"146,381"
4173,VNO,4.92B,116.3,562.99,6.71,2.72,1.14,3.9,7.38,-89.79%,66.44%,-35.42%,17.33%,-2.75%,25.83,0.47%,"1,299,408"
4174,VNOM,3.35B,14.43,18.46,1.83,4.68,3.31,129.61,5.25,-27.25%,4.61%,6.03%,7.88%,28.75%,38.92,0.00%,"763,698"
4176,VNT,6.24B,16.69,11.75,1.96,2.02,6.99,18.3,15.79,7.62%,10.37%,1.08%,8.50%,3.16%,40.33,-0.15%,"597,504"
4181,VPG,442.81M,17.57,15.58,1.1,1.25,1.35,5.27,14.4,-19.62%,21.65%,1.50%,16.00%,3.91%,33.07,0.88%,"61,961"
4182,VRA,199.21M,26.05,9.24,1.51,0.42,0.77,2.58,4.51,6.36%,19.66%,-15.62%,17.30%,3.13%,6.47,1.25%,"222,467"
4187,VREX,686.95M,18.77,14.4,3.75,0.78,1.21,3.55,7.1,-31.30%,34.67%,6.00%,5.00%,3.06%,16.92,0.06%,"198,508"
4191,VRNT,1.81B,102.21,9.39,10.27,1.99,2.2,7.46,13.49,5.49%,7.52%,-22.59%,9.95%,-4.18%,29.09,-0.14%,"470,273"
4194,VRSK,32.02B,53.12,30.62,4.17,11.94,103.24,104.04,38.55,14.17%,11.89%,3.24%,12.73%,2.58%,223.33,0.49%,"676,752"
4196,VRT,30.94B,68.86,27.9,2.58,4.51,15.35,39.24,40.05,29.45%,26.70%,82.85%,26.70%,9.49%,81.01,-1.06%,"6,598,832"
4197,VRTS,1.56B,12.41,7.46,0.36,1.83,1.8,4.57,6.78,23.69%,8.94%,17.58%,34.20%,12.64%,219.8,0.56%,"44,164"
4198,VRTX,101.64B,28.33,21.53,2.21,10.33,5.77,9.06,30.46,8.85%,10.23%,11.42%,12.80%,27.16%,393.48,0.10%,"948,806"
4216,VTSI,147.21M,17.28,14.72,0.58,3.87,3.45,7.81,26.52,3.90%,12.50%,50.55%,30.00%,16.75%,13.25,17.67%,"522,338"
4229,VZ,168.72B,14.56,8.53,12.85,1.26,1.83,50.99,9.02,-2.63%,2.64%,-6.03%,1.13%,0.50%,40.13,0.88%,"17,510,423"
4232,WAB,25.54B,31.76,18.94,2.61,2.64,2.45,41.19,25.16,14.72%,12.19%,8.29%,12.15%,21.24%,144.27,-0.19%,"881,032"
4238,WAT,17.42B,27.14,22.37,5.38,5.89,15.14,43.99,39.39,1.13%,10.69%,7.21%,5.04%,4.33%,294.23,-3.27%,"687,011"
4245,WCC,7.82B,11.33,9.22,1.13,0.35,1.55,14.92,19.5,-1.66%,15.85%,22.96%,10.00%,23.91%,153.44,0.60%,"511,902"
4249,WDFC,3.11B,45.8,39.0,4.58,5.55,14.41,56.18,26.63,7.69%,13.30%,0.81%,10.00%,5.89%,229.86,-0.71%,"112,315"
4251,WEC,25.38B,19.08,15.38,3.19,2.85,2.16,224.63,50.42,5.31%,7.24%,4.77%,5.98%,3.43%,80.44,1.02%,"1,079,332"
4254,WEN,3.90B,19.65,17.11,1.82,1.79,12.6,6.63,14.99,3.07%,11.09%,10.66%,10.81%,6.58%,19.0,-0.11%,"2,561,156"
4256,WES,13.18B,13.33,9.92,3.51,4.24,4.54,48.33,13.66,27.05%,5.78%,9.01%,3.80%,6.75%,34.65,0.64%,"690,811"
4258,WEX,9.59B,37.3,12.38,3.27,3.77,5.29,1.83,12.49,9.81%,14.18%,9.78%,11.41%,12.01%,229.9,0.01%,"222,419"
4263,WGO,1.79B,19.0,8.59,1.27,0.57,1.36,6.75,7.98,-33.79%,40.55%,13.64%,15.00%,15.63%,61.28,0.23%,"539,512"
4265,WH,5.61B,20.32,14.89,15.63,3.98,7.56,85.07,16.56,5.10%,10.42%,15.96%,1.30%,-3.57%,69.31,-0.22%,"569,235"
4266,WHD,3.21B,19.22,14.66,0.82,2.93,3.72,24.01,10.84,-5.78%,11.60%,10.21%,23.50%,22.62%,49.17,-0.47%,"440,696"
4276,WIRE,4.53B,13.39,15.91,1.34,1.76,2.56,8.08,15.59,-22.43%,7.53%,42.06%,10.00%,20.72%,287.0,-0.08%,"863,620"
4280,WKC,1.45B,28.79,9.27,5.76,0.03,0.75,4.77,98.02,15.18%,16.47%,-14.59%,5.00%,14.53%,24.24,-0.53%,"319,855"
4285,WLKP,765.90M,14.11,10.73,8.45,0.64,1.47,13.07,1.89,8.21%,21.63%,0.14%,1.67%,1.00%,21.74,-0.05%,"24,683"
4287,WM,82.36B,36.2,26.22,3.62,4.03,11.93,175.97,45.15,11.56%,13.26%,4.94%,10.00%,6.69%,205.07,-0.52%,"982,723"
4289,WMG,17.15B,37.15,23.12,2.86,2.72,37.02,22.74,26.96,32.87%,31.42%,6.43%,13.00%,8.78%,33.11,-0.57%,"1,666,797"
4292,WMS,12.17B,24.92,22.98,2.75,4.29,10.21,21.71,21.31,2.68%,9.30%,43.79%,9.06%,22.48%,156.81,-0.06%,"384,512"
4293,WMT,477.21B,30.97,22.85,3.87,0.74,5.69,48.36,31.56,6.51%,9.84%,20.49%,8.00%,4.75%,59.26,-0.65%,"12,057,512"
4294,WNC,1.13B,5.2,9.59,0.35,0.45,2.07,6.31,5.1,-54.53%,19.36%,32.29%,15.00%,5.60%,25.03,-3.36%,"513,372"
4298,WOR,2.87B,10.48,16.57,0.25,0.75,3.15,12.62,7.45,-1.27%,-3.18%,10.95%,41.50%,9.82%,57.22,-1.53%,"207,466"
4306,WRLD,804.57M,11.72,10.02,7.82,1.4,1.97,62.96,3.07,873.73%,14.97%,-9.69%,1.50%,3.53%,132.33,1.12%,"24,133"
4312,WSM,17.92B,19.18,17.35,1.92,2.31,8.43,14.2,12.01,2.76%,5.56%,29.13%,10.00%,7.02%,279.53,-0.94%,"777,699"
4313,WSO,15.88B,29.69,25.42,6.72,2.18,7.11,75.56,30.2,3.73%,11.50%,16.06%,4.42%,10.22%,401.93,-0.50%,"219,779"
4315,WST,27.62B,47.91,41.5,6.27,9.37,9.63,32.35,66.64,-5.70%,19.33%,23.49%,7.64%,11.96%,377.33,-0.01%,"315,059"
4316,WT,1.33B,15.95,15.28,7.89,3.82,3.11,7.08,15.97,97.60%,12.55%,19.30%,2.02%,5.00%,8.77,1.04%,"1,114,754"
4323,WTS,6.65B,25.53,22.0,3.19,3.23,4.39,18.99,23.66,3.06%,6.45%,15.96%,8.00%,5.95%,199.63,0.77%,"131,402"
4325,WU,4.42B,7.69,7.26,4.75,1.02,9.46,3.43,5.82,-2.45%,4.91%,-2.13%,1.62%,-4.63%,12.93,1.02%,"3,195,430"
4329,WWD,8.85B,30.96,24.46,1.57,2.87,4.03,61.33,34.88,27.82%,11.52%,6.00%,19.71%,5.83%,146.81,-0.31%,"241,657"
4332,WY,22.87B,27.36,23.34,5.47,2.98,2.24,19.65,30.37,2.85%,28.02%,3.00%,5.00%,2.64%,31.35,-0.54%,"3,362,699"
4368,XYL,30.74B,46.75,27.43,3.93,4.17,3.02,30.17,54.32,9.29%,12.22%,-1.63%,11.90%,7.98%,127.16,0.74%,"1,130,921"
4370,YELP,2.69B,29.07,18.58,1.0,2.01,3.62,6.03,9.63,17.58%,33.62%,16.65%,28.99%,7.91%,39.41,-0.38%,"500,612"
4371,YETI,3.22B,19.07,13.32,2.22,1.94,4.44,7.33,13.84,10.35%,11.89%,22.96%,8.58%,16.62%,37.0,-0.08%,"1,427,271"
4385,ZD,2.34B,62.47,7.17,8.68,1.71,1.29,3.05,11.06,6.26%,7.55%,-19.25%,7.20%,3.32%,50.71,0.96%,"326,764"
4389,ZEUS,750.83M,17.54,17.85,0.51,0.35,1.35,56.79,4.93,-15.41%,16.07%,5.44%,34.29%,10.52%,67.46,-0.68%,"39,037"
4402,ZTS,70.10B,30.2,23.71,3.1,8.21,14.04,34.35,43.25,8.67%,11.68%,11.57%,9.73%,8.05%,153.11,0.77%,"4,772,827"
4409,ZWS,5.44B,49.55,24.71,3.47,3.55,3.4,39.77,23.37,18.04%,11.75%,18.47%,14.28%,0.20%,31.61,1.05%,"969,254"
